Command line invocation:
    /Applications/Xcode.app/Contents/Developer/usr/bin/xcodebuild build -project "Live OS.xcodeproj" -scheme "Live OS" -destination "generic/platform=iOS Simulator"

Resolve Package Graph


Resolved source packages:
  Commanders Act SDK: https://github.com/SRGSSR/commanders-act-apple.git @ 5.4.19
  Pillarbox: /Users/xu/Documents/bililive-ios/pillarbox-apple @ local
  CwlPreconditionTesting: https://github.com/mattgallagher/CwlPreconditionTesting.git @ 2.2.2
  Difference: https://github.com/krzysztofzablocki/Difference.git @ 1.0.1
  swift-collections: https://github.com/apple/swift-collections.git @ 1.4.1
  CwlCatchException: https://github.com/mattgallagher/CwlCatchException.git @ 2.2.1
  Nimble: https://github.com/Quick/Nimble.git @ 13.8.0
  ComScore: https://github.com/comScore/Comscore-Swift-Package-Manager.git @ 6.16.0

2026-05-02 14:48:02.753 xcodebuild[86780:11649923] [MT] IDERunDestination: Supported platforms for the buildables in the current scheme is empty.
ComputePackagePrebuildTargetDependencyGraph

Prepare packages

Compile plug-in “PillarboxPackageInfoPlugin” in package “pillarbox-apple”
[debug]: Compiling plugin to executable at /Users/xu/Library/Developer/Xcode/DerivedData/Live_OS-bpdrmnbaeqxonhfroudnbsusxhji/Build/Products/PluginExecutables/PillarboxPackageInfoPlugin
[debug]: Using compiler /Applications/Xcode.app/Contents/Developer/Toolchains/XcodeDefault.xctoolchain/usr/bin/swiftc
[debug]: Plugin compilation output directory '/Users/xu/Library/Developer/Xcode/DerivedData/Live_OS-bpdrmnbaeqxonhfroudnbsusxhji/Build/Products/PluginExecutables'
[debug]: Computed hash of plugin compilation inputs: 06e8b0be2e61fbf05a276a659a87adeffc9a9d7624a804a498f7b4552b544449


Apply build tool plug-in “PillarboxPackageInfoPlugin” to target “PillarboxPlayer” in package “pillarbox-apple”

/usr/bin/sandbox-exec -p "(version 1)
(deny default)
(import \"system.sb\")
(allow file-read*)
(allow process*)
(allow mach-lookup (global-name \"com.apple.lsd.mapdb\"))
(allow mach-lookup (global-name \"com.apple.mobileassetd.v2\"))
(allow file-write*
    (subpath \"/private/tmp\")
    (subpath \"/private/var/tmp\")
    (subpath \"/private/var/folders/s9/7jxt4jtn10z4t66v_8zv33pr0000gn/T\")
    (subpath \"/private/var/folders/s9/7jxt4jtn10z4t66v_8zv33pr0000gn/C\")
)
(deny file-write*
    (subpath \"/Users/xu/Documents/bililive-ios/pillarbox-apple\")
)
(allow file-write*
    (subpath \"/Users/xu/Library/Developer/Xcode/DerivedData/Live_OS-bpdrmnbaeqxonhfroudnbsusxhji/Build/Intermediates.noindex/BuildToolPluginIntermediates/pillarbox-apple.output/PillarboxPlayer/PillarboxPackageInfoPlugin\")
    (subpath \"/private/var/folders/s9/7jxt4jtn10z4t66v_8zv33pr0000gn/T/TemporaryItems\")
)
" /Users/xu/Documents/bililive-ios/pillarbox-apple/Artifacts/PackageInfo.artifactbundle/package-info.sh /Users/xu/Documents/bililive-ios/pillarbox-apple/ /Users/xu/Library/Developer/Xcode/DerivedData/Live_OS-bpdrmnbaeqxonhfroudnbsusxhji/Build/Intermediates.noindex/BuildToolPluginIntermediates/pillarbox-apple.output/PillarboxPlayer/PillarboxPackageInfoPlugin/

Process build tool plug-in results
package: <IDESwiftPackageCore.IDESwiftPackageDependency:0xaf21db000 path:'/Users/xu/Documents/bililive-ios/pillarbox-apple'>
    target: PillarboxPlayer
        prebuildCommandOutputPaths: [SwiftPM.SPMAbsolutePath(absolutePath: <AbsolutePath:"/Users/xu/Library/Developer/Xcode/DerivedData/Live_OS-bpdrmnbaeqxonhfroudnbsusxhji/Build/Intermediates.noindex/BuildToolPluginIntermediates/pillarbox-apple.output/PillarboxPlayer/PillarboxPackageInfoPlugin/PackageInfo.swift">)]
        buildCommands: []
        allDerivedOutputPaths: [SwiftPM.SPMAbsolutePath(absolutePath: <AbsolutePath:"/Users/xu/Library/Developer/Xcode/DerivedData/Live_OS-bpdrmnbaeqxonhfroudnbsusxhji/Build/Intermediates.noindex/BuildToolPluginIntermediates/pillarbox-apple.output/PillarboxPlayer/PillarboxPackageInfoPlugin/PackageInfo.swift">)]

CreateBuildRequest

SendProjectDescription

CreateBuildOperation

ComputeTargetDependencyGraph
note: Building targets in dependency order
note: Target dependency graph (12 targets)
    Target 'Live OS' in project 'Live OS'
        ➜ Explicit dependency on target 'PillarboxPlayer' in project 'Pillarbox'
    Target 'PillarboxPlayer' in project 'Pillarbox'
        ➜ Explicit dependency on target 'PillarboxPlayer' in project 'Pillarbox'
        ➜ Explicit dependency on target 'Pillarbox_PillarboxPlayer' in project 'Pillarbox'
        ➜ Explicit dependency on target 'PillarboxCore' in project 'Pillarbox'
        ➜ Explicit dependency on target 'PillarboxPackageInfoPlugin' in project 'Pillarbox'
        ➜ Explicit dependency on target 'DequeModule' in project 'swift-collections'
        ➜ Explicit dependency on target 'OrderedCollections' in project 'swift-collections'
    Target 'PillarboxPlayer' in project 'Pillarbox'
        ➜ Explicit dependency on target 'Pillarbox_PillarboxPlayer' in project 'Pillarbox'
        ➜ Explicit dependency on target 'PillarboxCore' in project 'Pillarbox'
        ➜ Explicit dependency on target 'PillarboxPackageInfoPlugin' in project 'Pillarbox'
        ➜ Explicit dependency on target 'DequeModule' in project 'swift-collections'
        ➜ Explicit dependency on target 'OrderedCollections' in project 'swift-collections'
    Target 'OrderedCollections' in project 'swift-collections'
        ➜ Explicit dependency on target 'OrderedCollections' in project 'swift-collections'
        ➜ Explicit dependency on target 'InternalCollectionsUtilities' in project 'swift-collections'
    Target 'OrderedCollections' in project 'swift-collections'
        ➜ Explicit dependency on target 'InternalCollectionsUtilities' in project 'swift-collections'
    Target 'PillarboxCore' in project 'Pillarbox'
        ➜ Explicit dependency on target 'DequeModule' in project 'swift-collections'
    Target 'DequeModule' in project 'swift-collections'
        ➜ Explicit dependency on target 'DequeModule' in project 'swift-collections'
        ➜ Explicit dependency on target 'InternalCollectionsUtilities' in project 'swift-collections'
        ➜ Explicit dependency on target 'ContainersPreview' in project 'swift-collections'
    Target 'DequeModule' in project 'swift-collections'
        ➜ Explicit dependency on target 'InternalCollectionsUtilities' in project 'swift-collections'
        ➜ Explicit dependency on target 'ContainersPreview' in project 'swift-collections'
    Target 'ContainersPreview' in project 'swift-collections'
        ➜ Explicit dependency on target 'InternalCollectionsUtilities' in project 'swift-collections'
    Target 'InternalCollectionsUtilities' in project 'swift-collections' (no dependencies)
    Target 'Pillarbox_PillarboxPlayer' in project 'Pillarbox'
        ➜ Explicit dependency on target 'PillarboxPackageInfoPlugin' in project 'Pillarbox'
    Target 'PillarboxPackageInfoPlugin' in project 'Pillarbox' (no dependencies)

GatherProvisioningInputs

CreateBuildDescription

ExecuteExternalTool /Applications/Xcode.app/Contents/Developer/usr/bin/xcstringstool compile --dry-run --output-directory /Users/xu/Library/Developer/Xcode/DerivedData/Live_OS-bpdrmnbaeqxonhfroudnbsusxhji/Build/Intermediates.noindex/Pillarbox.build/Debug-iphonesimulator/Pillarbox_PillarboxPlayer.build /Users/xu/Documents/bililive-ios/pillarbox-apple/Sources/Player/Resources/Localizable.xcstrings

ExecuteExternalTool /Applications/Xcode.app/Contents/Developer/Toolchains/XcodeDefault.xctoolchain/usr/bin/swiftc --version

ExecuteExternalTool /Applications/Xcode.app/Contents/Developer/Toolchains/XcodeDefault.xctoolchain/usr/bin/clang -v -E -dM -isysroot /Applications/Xcode.app/Contents/Developer/Platforms/MacOSX.platform/Developer/SDKs/MacOSX26.4.sdk -x c -c /dev/null

ExecuteExternalTool /Applications/Xcode.app/Contents/Developer/usr/bin/actool --print-asset-tag-combinations --output-format xml1 /Users/xu/Documents/bililive-ios/Live OS/Live OS/Assets.xcassets

ExecuteExternalTool /Applications/Xcode.app/Contents/Developer/Toolchains/XcodeDefault.xctoolchain/usr/bin/clang -v -E -dM -isysroot /Applications/Xcode.app/Contents/Developer/Platforms/iPhoneSimulator.platform/Developer/SDKs/iPhoneSimulator26.4.sdk -x c -c /dev/null

ExecuteExternalTool /Applications/Xcode.app/Contents/Developer/Toolchains/XcodeDefault.xctoolchain/usr/bin/ld -version_details

ReadFileContents /Applications/Xcode.app/Contents/Developer/Toolchains/XcodeDefault.xctoolchain/usr/share/docc/features.json

ExecuteExternalTool /Applications/Xcode.app/Contents/Developer/usr/bin/actool --version --output-format xml1

Build description signature: 45b452ba5d4a6faaa0959889ab327f3b
Build description path: /Users/xu/Library/Developer/Xcode/DerivedData/Live_OS-bpdrmnbaeqxonhfroudnbsusxhji/Build/Intermediates.noindex/XCBuildData/45b452ba5d4a6faaa0959889ab327f3b.xcbuilddata
ClangStatCache /Applications/Xcode.app/Contents/Developer/Toolchains/XcodeDefault.xctoolchain/usr/bin/clang-stat-cache /Applications/Xcode.app/Contents/Developer/Platforms/iPhoneSimulator.platform/Developer/SDKs/iPhoneSimulator26.4.sdk /Users/xu/Library/Developer/Xcode/DerivedData/SDKStatCaches.noindex/iphonesimulator26.4-23E252-686eebb5dc1d8ecb277353a59184f4aa.sdkstatcache
    cd /Users/xu/Documents/bililive-ios/Live\ OS/Live\ OS.xcodeproj
    /Applications/Xcode.app/Contents/Developer/Toolchains/XcodeDefault.xctoolchain/usr/bin/clang-stat-cache /Applications/Xcode.app/Contents/Developer/Platforms/iPhoneSimulator.platform/Developer/SDKs/iPhoneSimulator26.4.sdk -o /Users/xu/Library/Developer/Xcode/DerivedData/SDKStatCaches.noindex/iphonesimulator26.4-23E252-686eebb5dc1d8ecb277353a59184f4aa.sdkstatcache

ProcessInfoPlistFile /Users/xu/Library/Developer/Xcode/DerivedData/Live_OS-bpdrmnbaeqxonhfroudnbsusxhji/Build/Products/Debug-iphonesimulator/Pillarbox_PillarboxPlayer.bundle/Info.plist /Users/xu/Library/Developer/Xcode/DerivedData/Live_OS-bpdrmnbaeqxonhfroudnbsusxhji/Build/Intermediates.noindex/Pillarbox.build/Debug-iphonesimulator/Pillarbox_PillarboxPlayer.build/empty-Pillarbox_PillarboxPlayer.plist (in target 'Pillarbox_PillarboxPlayer' from project 'Pillarbox')
    cd /Users/xu/Documents/bililive-ios/pillarbox-apple
    builtin-infoPlistUtility /Users/xu/Library/Developer/Xcode/DerivedData/Live_OS-bpdrmnbaeqxonhfroudnbsusxhji/Build/Intermediates.noindex/Pillarbox.build/Debug-iphonesimulator/Pillarbox_PillarboxPlayer.build/empty-Pillarbox_PillarboxPlayer.plist -producttype com.apple.product-type.bundle -expandbuildsettings -format binary -platform iphonesimulator -o /Users/xu/Library/Developer/Xcode/DerivedData/Live_OS-bpdrmnbaeqxonhfroudnbsusxhji/Build/Products/Debug-iphonesimulator/Pillarbox_PillarboxPlayer.bundle/Info.plist

CompileXCStrings /Users/xu/Library/Developer/Xcode/DerivedData/Live_OS-bpdrmnbaeqxonhfroudnbsusxhji/Build/Intermediates.noindex/Pillarbox.build/Debug-iphonesimulator/Pillarbox_PillarboxPlayer.build/ /Users/xu/Documents/bililive-ios/pillarbox-apple/Sources/Player/Resources/Localizable.xcstrings (in target 'Pillarbox_PillarboxPlayer' from project 'Pillarbox')
    cd /Users/xu/Documents/bililive-ios/pillarbox-apple
    /Applications/Xcode.app/Contents/Developer/usr/bin/xcstringstool compile --output-directory /Users/xu/Library/Developer/Xcode/DerivedData/Live_OS-bpdrmnbaeqxonhfroudnbsusxhji/Build/Intermediates.noindex/Pillarbox.build/Debug-iphonesimulator/Pillarbox_PillarboxPlayer.build /Users/xu/Documents/bililive-ios/pillarbox-apple/Sources/Player/Resources/Localizable.xcstrings

CopyStringsFile /Users/xu/Library/Developer/Xcode/DerivedData/Live_OS-bpdrmnbaeqxonhfroudnbsusxhji/Build/Products/Debug-iphonesimulator/Pillarbox_PillarboxPlayer.bundle/it.lproj/Localizable.strings /Users/xu/Library/Developer/Xcode/DerivedData/Live_OS-bpdrmnbaeqxonhfroudnbsusxhji/Build/Intermediates.noindex/Pillarbox.build/Debug-iphonesimulator/Pillarbox_PillarboxPlayer.build/it.lproj/Localizable.strings (in target 'Pillarbox_PillarboxPlayer' from project 'Pillarbox')
    cd /Users/xu/Documents/bililive-ios/pillarbox-apple
    builtin-copyStrings --validate --outputencoding binary --outfilename Localizable.strings --outdir /Users/xu/Library/Developer/Xcode/DerivedData/Live_OS-bpdrmnbaeqxonhfroudnbsusxhji/Build/Products/Debug-iphonesimulator/Pillarbox_PillarboxPlayer.bundle/it.lproj -- /Users/xu/Library/Developer/Xcode/DerivedData/Live_OS-bpdrmnbaeqxonhfroudnbsusxhji/Build/Intermediates.noindex/Pillarbox.build/Debug-iphonesimulator/Pillarbox_PillarboxPlayer.build/it.lproj/Localizable.strings
/Users/xu/Library/Developer/Xcode/DerivedData/Live_OS-bpdrmnbaeqxonhfroudnbsusxhji/Build/Intermediates.noindex/Pillarbox.build/Debug-iphonesimulator/Pillarbox_PillarboxPlayer.build/it.lproj/Localizable.strings:1:1: note: detected encoding of input file as Unicode (UTF-8) (in target 'Pillarbox_PillarboxPlayer' from project 'Pillarbox')

CopyStringsFile /Users/xu/Library/Developer/Xcode/DerivedData/Live_OS-bpdrmnbaeqxonhfroudnbsusxhji/Build/Products/Debug-iphonesimulator/Pillarbox_PillarboxPlayer.bundle/de.lproj/Localizable.strings /Users/xu/Library/Developer/Xcode/DerivedData/Live_OS-bpdrmnbaeqxonhfroudnbsusxhji/Build/Intermediates.noindex/Pillarbox.build/Debug-iphonesimulator/Pillarbox_PillarboxPlayer.build/de.lproj/Localizable.strings (in target 'Pillarbox_PillarboxPlayer' from project 'Pillarbox')
    cd /Users/xu/Documents/bililive-ios/pillarbox-apple
    builtin-copyStrings --validate --outputencoding binary --outfilename Localizable.strings --outdir /Users/xu/Library/Developer/Xcode/DerivedData/Live_OS-bpdrmnbaeqxonhfroudnbsusxhji/Build/Products/Debug-iphonesimulator/Pillarbox_PillarboxPlayer.bundle/de.lproj -- /Users/xu/Library/Developer/Xcode/DerivedData/Live_OS-bpdrmnbaeqxonhfroudnbsusxhji/Build/Intermediates.noindex/Pillarbox.build/Debug-iphonesimulator/Pillarbox_PillarboxPlayer.build/de.lproj/Localizable.strings
/Users/xu/Library/Developer/Xcode/DerivedData/Live_OS-bpdrmnbaeqxonhfroudnbsusxhji/Build/Intermediates.noindex/Pillarbox.build/Debug-iphonesimulator/Pillarbox_PillarboxPlayer.build/de.lproj/Localizable.strings:1:1: note: detected encoding of input file as Unicode (UTF-8) (in target 'Pillarbox_PillarboxPlayer' from project 'Pillarbox')

CopyStringsFile /Users/xu/Library/Developer/Xcode/DerivedData/Live_OS-bpdrmnbaeqxonhfroudnbsusxhji/Build/Products/Debug-iphonesimulator/Pillarbox_PillarboxPlayer.bundle/en.lproj/Localizable.strings /Users/xu/Library/Developer/Xcode/DerivedData/Live_OS-bpdrmnbaeqxonhfroudnbsusxhji/Build/Intermediates.noindex/Pillarbox.build/Debug-iphonesimulator/Pillarbox_PillarboxPlayer.build/en.lproj/Localizable.strings (in target 'Pillarbox_PillarboxPlayer' from project 'Pillarbox')
    cd /Users/xu/Documents/bililive-ios/pillarbox-apple
    builtin-copyStrings --validate --outputencoding binary --outfilename Localizable.strings --outdir /Users/xu/Library/Developer/Xcode/DerivedData/Live_OS-bpdrmnbaeqxonhfroudnbsusxhji/Build/Products/Debug-iphonesimulator/Pillarbox_PillarboxPlayer.bundle/en.lproj -- /Users/xu/Library/Developer/Xcode/DerivedData/Live_OS-bpdrmnbaeqxonhfroudnbsusxhji/Build/Intermediates.noindex/Pillarbox.build/Debug-iphonesimulator/Pillarbox_PillarboxPlayer.build/en.lproj/Localizable.strings
/Users/xu/Library/Developer/Xcode/DerivedData/Live_OS-bpdrmnbaeqxonhfroudnbsusxhji/Build/Intermediates.noindex/Pillarbox.build/Debug-iphonesimulator/Pillarbox_PillarboxPlayer.build/en.lproj/Localizable.strings:1:1: note: detected encoding of input file as Unicode (UTF-8) (in target 'Pillarbox_PillarboxPlayer' from project 'Pillarbox')

CopyStringsFile /Users/xu/Library/Developer/Xcode/DerivedData/Live_OS-bpdrmnbaeqxonhfroudnbsusxhji/Build/Products/Debug-iphonesimulator/Pillarbox_PillarboxPlayer.bundle/rm.lproj/Localizable.strings /Users/xu/Library/Developer/Xcode/DerivedData/Live_OS-bpdrmnbaeqxonhfroudnbsusxhji/Build/Intermediates.noindex/Pillarbox.build/Debug-iphonesimulator/Pillarbox_PillarboxPlayer.build/rm.lproj/Localizable.strings (in target 'Pillarbox_PillarboxPlayer' from project 'Pillarbox')
    cd /Users/xu/Documents/bililive-ios/pillarbox-apple
    builtin-copyStrings --validate --outputencoding binary --outfilename Localizable.strings --outdir /Users/xu/Library/Developer/Xcode/DerivedData/Live_OS-bpdrmnbaeqxonhfroudnbsusxhji/Build/Products/Debug-iphonesimulator/Pillarbox_PillarboxPlayer.bundle/rm.lproj -- /Users/xu/Library/Developer/Xcode/DerivedData/Live_OS-bpdrmnbaeqxonhfroudnbsusxhji/Build/Intermediates.noindex/Pillarbox.build/Debug-iphonesimulator/Pillarbox_PillarboxPlayer.build/rm.lproj/Localizable.strings
/Users/xu/Library/Developer/Xcode/DerivedData/Live_OS-bpdrmnbaeqxonhfroudnbsusxhji/Build/Intermediates.noindex/Pillarbox.build/Debug-iphonesimulator/Pillarbox_PillarboxPlayer.build/rm.lproj/Localizable.strings:1:1: note: detected encoding of input file as Unicode (UTF-8) (in target 'Pillarbox_PillarboxPlayer' from project 'Pillarbox')

CopyStringsFile /Users/xu/Library/Developer/Xcode/DerivedData/Live_OS-bpdrmnbaeqxonhfroudnbsusxhji/Build/Products/Debug-iphonesimulator/Pillarbox_PillarboxPlayer.bundle/fr.lproj/Localizable.strings /Users/xu/Library/Developer/Xcode/DerivedData/Live_OS-bpdrmnbaeqxonhfroudnbsusxhji/Build/Intermediates.noindex/Pillarbox.build/Debug-iphonesimulator/Pillarbox_PillarboxPlayer.build/fr.lproj/Localizable.strings (in target 'Pillarbox_PillarboxPlayer' from project 'Pillarbox')
    cd /Users/xu/Documents/bililive-ios/pillarbox-apple
    builtin-copyStrings --validate --outputencoding binary --outfilename Localizable.strings --outdir /Users/xu/Library/Developer/Xcode/DerivedData/Live_OS-bpdrmnbaeqxonhfroudnbsusxhji/Build/Products/Debug-iphonesimulator/Pillarbox_PillarboxPlayer.bundle/fr.lproj -- /Users/xu/Library/Developer/Xcode/DerivedData/Live_OS-bpdrmnbaeqxonhfroudnbsusxhji/Build/Intermediates.noindex/Pillarbox.build/Debug-iphonesimulator/Pillarbox_PillarboxPlayer.build/fr.lproj/Localizable.strings
/Users/xu/Library/Developer/Xcode/DerivedData/Live_OS-bpdrmnbaeqxonhfroudnbsusxhji/Build/Intermediates.noindex/Pillarbox.build/Debug-iphonesimulator/Pillarbox_PillarboxPlayer.build/fr.lproj/Localizable.strings:1:1: note: detected encoding of input file as Unicode (UTF-8) (in target 'Pillarbox_PillarboxPlayer' from project 'Pillarbox')

SwiftDriver PillarboxPlayer normal x86_64 com.apple.xcode.tools.swift.compiler (in target 'PillarboxPlayer' from project 'Pillarbox')
    cd /Users/xu/Documents/bililive-ios/Live\ OS/Live\ OS.xcodeproj
    builtin-SwiftDriver -- /Applications/Xcode.app/Contents/Developer/Toolchains/XcodeDefault.xctoolchain/usr/bin/swiftc -module-name PillarboxPlayer -Onone @/Users/xu/Library/Developer/Xcode/DerivedData/Live_OS-bpdrmnbaeqxonhfroudnbsusxhji/Build/Intermediates.noindex/Pillarbox.build/Debug-iphonesimulator/PillarboxPlayer.build/Objects-normal/x86_64/PillarboxPlayer.SwiftFileList -DSWIFT_PACKAGE -DDEBUG -DSWIFT_MODULE_RESOURCE_BUNDLE_AVAILABLE -DXcode -plugin-path /Applications/Xcode.app/Contents/Developer/Toolchains/XcodeDefault.xctoolchain/usr/lib/swift/host/plugins/testing -enable-experimental-feature DebugDescriptionMacro -sdk /Applications/Xcode.app/Contents/Developer/Platforms/iPhoneSimulator.platform/Developer/SDKs/iPhoneSimulator26.4.sdk -target x86_64-apple-ios16.0-simulator -g -module-cache-path /Users/xu/Library/Developer/Xcode/DerivedData/ModuleCache.noindex -Xfrontend -serialize-debugging-options -enable-testing -suppress-warnings -index-store-path /Users/xu/Library/Developer/Xcode/DerivedData/Live_OS-bpdrmnbaeqxonhfroudnbsusxhji/Index.noindex/DataStore -Xcc -D_LIBCPP_HARDENING_MODE\=_LIBCPP_HARDENING_MODE_DEBUG -swift-version 5 -I /Users/xu/Library/Developer/Xcode/DerivedData/Live_OS-bpdrmnbaeqxonhfroudnbsusxhji/Build/Products/Debug-iphonesimulator -Isystem /Applications/Xcode.app/Contents/Developer/Platforms/iPhoneSimulator.platform/Developer/usr/lib -F /Users/xu/Library/Developer/Xcode/DerivedData/Live_OS-bpdrmnbaeqxonhfroudnbsusxhji/Build/Products/Debug-iphonesimulator/PackageFrameworks -F /Users/xu/Library/Developer/Xcode/DerivedData/Live_OS-bpdrmnbaeqxonhfroudnbsusxhji/Build/Products/Debug-iphonesimulator/PackageFrameworks -F /Users/xu/Library/Developer/Xcode/DerivedData/Live_OS-bpdrmnbaeqxonhfroudnbsusxhji/Build/Products/Debug-iphonesimulator/PackageFrameworks -F /Users/xu/Library/Developer/Xcode/DerivedData/Live_OS-bpdrmnbaeqxonhfroudnbsusxhji/Build/Products/Debug-iphonesimulator/PackageFrameworks -F /Users/xu/Library/Developer/Xcode/DerivedData/Live_OS-bpdrmnbaeqxonhfroudnbsusxhji/Build/Products/Debug-iphonesimulator/PackageFrameworks -F /Users/xu/Library/Developer/Xcode/DerivedData/Live_OS-bpdrmnbaeqxonhfroudnbsusxhji/Build/Products/Debug-iphonesimulator -F /Applications/Xcode.app/Contents/Developer/Platforms/iPhoneSimulator.platform/Developer/Library/Frameworks -F /Applications/Xcode.app/Contents/Developer/Platforms/iPhoneSimulator.platform/Developer/SDKs/iPhoneSimulator26.4.sdk/Developer/Library/Frameworks -emit-localized-strings -emit-localized-strings-path /Users/xu/Library/Developer/Xcode/DerivedData/Live_OS-bpdrmnbaeqxonhfroudnbsusxhji/Build/Intermediates.noindex/Pillarbox.build/Debug-iphonesimulator/PillarboxPlayer.build/Objects-normal/x86_64 -c -j10 -enable-batch-mode -incremental -Xcc -ivfsstatcache -Xcc /Users/xu/Library/Developer/Xcode/DerivedData/SDKStatCaches.noindex/iphonesimulator26.4-23E252-686eebb5dc1d8ecb277353a59184f4aa.sdkstatcache -output-file-map /Users/xu/Library/Developer/Xcode/DerivedData/Live_OS-bpdrmnbaeqxonhfroudnbsusxhji/Build/Intermediates.noindex/Pillarbox.build/Debug-iphonesimulator/PillarboxPlayer.build/Objects-normal/x86_64/PillarboxPlayer-OutputFileMap.json -use-frontend-parseable-output -save-temps -no-color-diagnostics -explicit-module-build -module-cache-path /Users/xu/Library/Developer/Xcode/DerivedData/Live_OS-bpdrmnbaeqxonhfroudnbsusxhji/Build/Intermediates.noindex/SwiftExplicitPrecompiledModules -clang-scanner-module-cache-path /Users/xu/Library/Developer/Xcode/DerivedData/ModuleCache.noindex -sdk-module-cache-path /Users/xu/Library/Developer/Xcode/DerivedData/ModuleCache.noindex -serialize-diagnostics -emit-dependencies -emit-module -emit-module-path /Users/xu/Library/Developer/Xcode/DerivedData/Live_OS-bpdrmnbaeqxonhfroudnbsusxhji/Build/Intermediates.noindex/Pillarbox.build/Debug-iphonesimulator/PillarboxPlayer.build/Objects-normal/x86_64/PillarboxPlayer.swiftmodule -validate-clang-modules-once -clang-build-session-file /Users/xu/Library/Developer/Xcode/DerivedData/ModuleCache.noindex/Session.modulevalidation -package-name pillarbox_apple -Xcc -I/Users/xu/Library/Developer/Xcode/DerivedData/Live_OS-bpdrmnbaeqxonhfroudnbsusxhji/Build/Intermediates.noindex/Pillarbox.build/Debug-iphonesimulator/PillarboxPlayer.build/swift-overrides.hmap -emit-const-values -Xfrontend -const-gather-protocols-file -Xfrontend /Users/xu/Library/Developer/Xcode/DerivedData/Live_OS-bpdrmnbaeqxonhfroudnbsusxhji/Build/Intermediates.noindex/Pillarbox.build/Debug-iphonesimulator/PillarboxPlayer.build/Objects-normal/x86_64/PillarboxPlayer_const_extract_protocols.json -Xcc -I/Users/xu/Library/Developer/Xcode/DerivedData/Live_OS-bpdrmnbaeqxonhfroudnbsusxhji/Build/Products/Debug-iphonesimulator/include -Xcc -I/Users/xu/Library/Developer/Xcode/DerivedData/Live_OS-bpdrmnbaeqxonhfroudnbsusxhji/Build/Intermediates.noindex/Pillarbox.build/Debug-iphonesimulator/PillarboxPlayer.build/DerivedSources-normal/x86_64 -Xcc -I/Users/xu/Library/Developer/Xcode/DerivedData/Live_OS-bpdrmnbaeqxonhfroudnbsusxhji/Build/Intermediates.noindex/Pillarbox.build/Debug-iphonesimulator/PillarboxPlayer.build/DerivedSources/x86_64 -Xcc -I/Users/xu/Library/Developer/Xcode/DerivedData/Live_OS-bpdrmnbaeqxonhfroudnbsusxhji/Build/Intermediates.noindex/Pillarbox.build/Debug-iphonesimulator/PillarboxPlayer.build/DerivedSources -Xcc -DSWIFT_PACKAGE -Xcc -DDEBUG\=1 -emit-objc-header -emit-objc-header-path /Users/xu/Library/Developer/Xcode/DerivedData/Live_OS-bpdrmnbaeqxonhfroudnbsusxhji/Build/Intermediates.noindex/Pillarbox.build/Debug-iphonesimulator/PillarboxPlayer.build/Objects-normal/x86_64/PillarboxPlayer-Swift.h -working-directory /Users/xu/Documents/bililive-ios/Live\ OS/Live\ OS.xcodeproj -experimental-emit-module-separately -disable-cmo

SwiftDriver PillarboxPlayer normal arm64 com.apple.xcode.tools.swift.compiler (in target 'PillarboxPlayer' from project 'Pillarbox')
    cd /Users/xu/Documents/bililive-ios/Live\ OS/Live\ OS.xcodeproj
    builtin-SwiftDriver -- /Applications/Xcode.app/Contents/Developer/Toolchains/XcodeDefault.xctoolchain/usr/bin/swiftc -module-name PillarboxPlayer -Onone @/Users/xu/Library/Developer/Xcode/DerivedData/Live_OS-bpdrmnbaeqxonhfroudnbsusxhji/Build/Intermediates.noindex/Pillarbox.build/Debug-iphonesimulator/PillarboxPlayer.build/Objects-normal/arm64/PillarboxPlayer.SwiftFileList -DSWIFT_PACKAGE -DDEBUG -DSWIFT_MODULE_RESOURCE_BUNDLE_AVAILABLE -DXcode -plugin-path /Applications/Xcode.app/Contents/Developer/Toolchains/XcodeDefault.xctoolchain/usr/lib/swift/host/plugins/testing -enable-experimental-feature DebugDescriptionMacro -sdk /Applications/Xcode.app/Contents/Developer/Platforms/iPhoneSimulator.platform/Developer/SDKs/iPhoneSimulator26.4.sdk -target arm64-apple-ios16.0-simulator -g -module-cache-path /Users/xu/Library/Developer/Xcode/DerivedData/ModuleCache.noindex -Xfrontend -serialize-debugging-options -enable-testing -suppress-warnings -index-store-path /Users/xu/Library/Developer/Xcode/DerivedData/Live_OS-bpdrmnbaeqxonhfroudnbsusxhji/Index.noindex/DataStore -Xcc -D_LIBCPP_HARDENING_MODE\=_LIBCPP_HARDENING_MODE_DEBUG -swift-version 5 -I /Users/xu/Library/Developer/Xcode/DerivedData/Live_OS-bpdrmnbaeqxonhfroudnbsusxhji/Build/Products/Debug-iphonesimulator -Isystem /Applications/Xcode.app/Contents/Developer/Platforms/iPhoneSimulator.platform/Developer/usr/lib -F /Users/xu/Library/Developer/Xcode/DerivedData/Live_OS-bpdrmnbaeqxonhfroudnbsusxhji/Build/Products/Debug-iphonesimulator/PackageFrameworks -F /Users/xu/Library/Developer/Xcode/DerivedData/Live_OS-bpdrmnbaeqxonhfroudnbsusxhji/Build/Products/Debug-iphonesimulator/PackageFrameworks -F /Users/xu/Library/Developer/Xcode/DerivedData/Live_OS-bpdrmnbaeqxonhfroudnbsusxhji/Build/Products/Debug-iphonesimulator/PackageFrameworks -F /Users/xu/Library/Developer/Xcode/DerivedData/Live_OS-bpdrmnbaeqxonhfroudnbsusxhji/Build/Products/Debug-iphonesimulator/PackageFrameworks -F /Users/xu/Library/Developer/Xcode/DerivedData/Live_OS-bpdrmnbaeqxonhfroudnbsusxhji/Build/Products/Debug-iphonesimulator/PackageFrameworks -F /Users/xu/Library/Developer/Xcode/DerivedData/Live_OS-bpdrmnbaeqxonhfroudnbsusxhji/Build/Products/Debug-iphonesimulator -F /Applications/Xcode.app/Contents/Developer/Platforms/iPhoneSimulator.platform/Developer/Library/Frameworks -F /Applications/Xcode.app/Contents/Developer/Platforms/iPhoneSimulator.platform/Developer/SDKs/iPhoneSimulator26.4.sdk/Developer/Library/Frameworks -emit-localized-strings -emit-localized-strings-path /Users/xu/Library/Developer/Xcode/DerivedData/Live_OS-bpdrmnbaeqxonhfroudnbsusxhji/Build/Intermediates.noindex/Pillarbox.build/Debug-iphonesimulator/PillarboxPlayer.build/Objects-normal/arm64 -c -j10 -enable-batch-mode -incremental -Xcc -ivfsstatcache -Xcc /Users/xu/Library/Developer/Xcode/DerivedData/SDKStatCaches.noindex/iphonesimulator26.4-23E252-686eebb5dc1d8ecb277353a59184f4aa.sdkstatcache -output-file-map /Users/xu/Library/Developer/Xcode/DerivedData/Live_OS-bpdrmnbaeqxonhfroudnbsusxhji/Build/Intermediates.noindex/Pillarbox.build/Debug-iphonesimulator/PillarboxPlayer.build/Objects-normal/arm64/PillarboxPlayer-OutputFileMap.json -use-frontend-parseable-output -save-temps -no-color-diagnostics -explicit-module-build -module-cache-path /Users/xu/Library/Developer/Xcode/DerivedData/Live_OS-bpdrmnbaeqxonhfroudnbsusxhji/Build/Intermediates.noindex/SwiftExplicitPrecompiledModules -clang-scanner-module-cache-path /Users/xu/Library/Developer/Xcode/DerivedData/ModuleCache.noindex -sdk-module-cache-path /Users/xu/Library/Developer/Xcode/DerivedData/ModuleCache.noindex -serialize-diagnostics -emit-dependencies -emit-module -emit-module-path /Users/xu/Library/Developer/Xcode/DerivedData/Live_OS-bpdrmnbaeqxonhfroudnbsusxhji/Build/Intermediates.noindex/Pillarbox.build/Debug-iphonesimulator/PillarboxPlayer.build/Objects-normal/arm64/PillarboxPlayer.swiftmodule -validate-clang-modules-once -clang-build-session-file /Users/xu/Library/Developer/Xcode/DerivedData/ModuleCache.noindex/Session.modulevalidation -package-name pillarbox_apple -Xcc -I/Users/xu/Library/Developer/Xcode/DerivedData/Live_OS-bpdrmnbaeqxonhfroudnbsusxhji/Build/Intermediates.noindex/Pillarbox.build/Debug-iphonesimulator/PillarboxPlayer.build/swift-overrides.hmap -emit-const-values -Xfrontend -const-gather-protocols-file -Xfrontend /Users/xu/Library/Developer/Xcode/DerivedData/Live_OS-bpdrmnbaeqxonhfroudnbsusxhji/Build/Intermediates.noindex/Pillarbox.build/Debug-iphonesimulator/PillarboxPlayer.build/Objects-normal/arm64/PillarboxPlayer_const_extract_protocols.json -Xcc -I/Users/xu/Library/Developer/Xcode/DerivedData/Live_OS-bpdrmnbaeqxonhfroudnbsusxhji/Build/Products/Debug-iphonesimulator/include -Xcc -I/Users/xu/Library/Developer/Xcode/DerivedData/Live_OS-bpdrmnbaeqxonhfroudnbsusxhji/Build/Intermediates.noindex/Pillarbox.build/Debug-iphonesimulator/PillarboxPlayer.build/DerivedSources-normal/arm64 -Xcc -I/Users/xu/Library/Developer/Xcode/DerivedData/Live_OS-bpdrmnbaeqxonhfroudnbsusxhji/Build/Intermediates.noindex/Pillarbox.build/Debug-iphonesimulator/PillarboxPlayer.build/DerivedSources/arm64 -Xcc -I/Users/xu/Library/Developer/Xcode/DerivedData/Live_OS-bpdrmnbaeqxonhfroudnbsusxhji/Build/Intermediates.noindex/Pillarbox.build/Debug-iphonesimulator/PillarboxPlayer.build/DerivedSources -Xcc -DSWIFT_PACKAGE -Xcc -DDEBUG\=1 -emit-objc-header -emit-objc-header-path /Users/xu/Library/Developer/Xcode/DerivedData/Live_OS-bpdrmnbaeqxonhfroudnbsusxhji/Build/Intermediates.noindex/Pillarbox.build/Debug-iphonesimulator/PillarboxPlayer.build/Objects-normal/arm64/PillarboxPlayer-Swift.h -working-directory /Users/xu/Documents/bililive-ios/Live\ OS/Live\ OS.xcodeproj -experimental-emit-module-separately -disable-cmo

SwiftEmitModule normal arm64 Emitting\ module\ for\ PillarboxPlayer (in target 'PillarboxPlayer' from project 'Pillarbox')

EmitSwiftModule normal arm64 (in target 'PillarboxPlayer' from project 'Pillarbox')
    cd /Users/xu/Documents/bililive-ios/Live\ OS/Live\ OS.xcodeproj
    

SwiftCompile normal arm64 Compiling\ PackageInfo.swift /Users/xu/Library/Developer/Xcode/DerivedData/Live_OS-bpdrmnbaeqxonhfroudnbsusxhji/Build/Intermediates.noindex/BuildToolPluginIntermediates/pillarbox-apple.output/PillarboxPlayer/PillarboxPackageInfoPlugin/PackageInfo.swift (in target 'PillarboxPlayer' from project 'Pillarbox')

SwiftCompile normal arm64 /Users/xu/Library/Developer/Xcode/DerivedData/Live_OS-bpdrmnbaeqxonhfroudnbsusxhji/Build/Intermediates.noindex/BuildToolPluginIntermediates/pillarbox-apple.output/PillarboxPlayer/PillarboxPackageInfoPlugin/PackageInfo.swift (in target 'PillarboxPlayer' from project 'Pillarbox')
    cd /Users/xu/Documents/bililive-ios/Live\ OS/Live\ OS.xcodeproj
    

SwiftCompile normal x86_64 Compiling\ PackageInfo.swift /Users/xu/Library/Developer/Xcode/DerivedData/Live_OS-bpdrmnbaeqxonhfroudnbsusxhji/Build/Intermediates.noindex/BuildToolPluginIntermediates/pillarbox-apple.output/PillarboxPlayer/PillarboxPackageInfoPlugin/PackageInfo.swift (in target 'PillarboxPlayer' from project 'Pillarbox')

SwiftCompile normal x86_64 /Users/xu/Library/Developer/Xcode/DerivedData/Live_OS-bpdrmnbaeqxonhfroudnbsusxhji/Build/Intermediates.noindex/BuildToolPluginIntermediates/pillarbox-apple.output/PillarboxPlayer/PillarboxPackageInfoPlugin/PackageInfo.swift (in target 'PillarboxPlayer' from project 'Pillarbox')
    cd /Users/xu/Documents/bililive-ios/Live\ OS/Live\ OS.xcodeproj
    

SwiftEmitModule normal x86_64 Emitting\ module\ for\ PillarboxPlayer (in target 'PillarboxPlayer' from project 'Pillarbox')

EmitSwiftModule normal x86_64 (in target 'PillarboxPlayer' from project 'Pillarbox')
    cd /Users/xu/Documents/bililive-ios/Live\ OS/Live\ OS.xcodeproj
    

SwiftDriverJobDiscovery normal arm64 Compiling PackageInfo.swift (in target 'PillarboxPlayer' from project 'Pillarbox')

SwiftDriverJobDiscovery normal x86_64 Compiling PackageInfo.swift (in target 'PillarboxPlayer' from project 'Pillarbox')

SwiftDriverJobDiscovery normal arm64 Emitting module for PillarboxPlayer (in target 'PillarboxPlayer' from project 'Pillarbox')

SwiftDriver\ Compilation\ Requirements PillarboxPlayer normal arm64 com.apple.xcode.tools.swift.compiler (in target 'PillarboxPlayer' from project 'Pillarbox')
    cd /Users/xu/Documents/bililive-ios/Live\ OS/Live\ OS.xcodeproj
    builtin-Swift-Compilation-Requirements -- /Applications/Xcode.app/Contents/Developer/Toolchains/XcodeDefault.xctoolchain/usr/bin/swiftc -module-name PillarboxPlayer -Onone @/Users/xu/Library/Developer/Xcode/DerivedData/Live_OS-bpdrmnbaeqxonhfroudnbsusxhji/Build/Intermediates.noindex/Pillarbox.build/Debug-iphonesimulator/PillarboxPlayer.build/Objects-normal/arm64/PillarboxPlayer.SwiftFileList -DSWIFT_PACKAGE -DDEBUG -DSWIFT_MODULE_RESOURCE_BUNDLE_AVAILABLE -DXcode -plugin-path /Applications/Xcode.app/Contents/Developer/Toolchains/XcodeDefault.xctoolchain/usr/lib/swift/host/plugins/testing -enable-experimental-feature DebugDescriptionMacro -sdk /Applications/Xcode.app/Contents/Developer/Platforms/iPhoneSimulator.platform/Developer/SDKs/iPhoneSimulator26.4.sdk -target arm64-apple-ios16.0-simulator -g -module-cache-path /Users/xu/Library/Developer/Xcode/DerivedData/ModuleCache.noindex -Xfrontend -serialize-debugging-options -enable-testing -suppress-warnings -index-store-path /Users/xu/Library/Developer/Xcode/DerivedData/Live_OS-bpdrmnbaeqxonhfroudnbsusxhji/Index.noindex/DataStore -Xcc -D_LIBCPP_HARDENING_MODE\=_LIBCPP_HARDENING_MODE_DEBUG -swift-version 5 -I /Users/xu/Library/Developer/Xcode/DerivedData/Live_OS-bpdrmnbaeqxonhfroudnbsusxhji/Build/Products/Debug-iphonesimulator -Isystem /Applications/Xcode.app/Contents/Developer/Platforms/iPhoneSimulator.platform/Developer/usr/lib -F /Users/xu/Library/Developer/Xcode/DerivedData/Live_OS-bpdrmnbaeqxonhfroudnbsusxhji/Build/Products/Debug-iphonesimulator/PackageFrameworks -F /Users/xu/Library/Developer/Xcode/DerivedData/Live_OS-bpdrmnbaeqxonhfroudnbsusxhji/Build/Products/Debug-iphonesimulator/PackageFrameworks -F /Users/xu/Library/Developer/Xcode/DerivedData/Live_OS-bpdrmnbaeqxonhfroudnbsusxhji/Build/Products/Debug-iphonesimulator/PackageFrameworks -F /Users/xu/Library/Developer/Xcode/DerivedData/Live_OS-bpdrmnbaeqxonhfroudnbsusxhji/Build/Products/Debug-iphonesimulator/PackageFrameworks -F /Users/xu/Library/Developer/Xcode/DerivedData/Live_OS-bpdrmnbaeqxonhfroudnbsusxhji/Build/Products/Debug-iphonesimulator/PackageFrameworks -F /Users/xu/Library/Developer/Xcode/DerivedData/Live_OS-bpdrmnbaeqxonhfroudnbsusxhji/Build/Products/Debug-iphonesimulator -F /Applications/Xcode.app/Contents/Developer/Platforms/iPhoneSimulator.platform/Developer/Library/Frameworks -F /Applications/Xcode.app/Contents/Developer/Platforms/iPhoneSimulator.platform/Developer/SDKs/iPhoneSimulator26.4.sdk/Developer/Library/Frameworks -emit-localized-strings -emit-localized-strings-path /Users/xu/Library/Developer/Xcode/DerivedData/Live_OS-bpdrmnbaeqxonhfroudnbsusxhji/Build/Intermediates.noindex/Pillarbox.build/Debug-iphonesimulator/PillarboxPlayer.build/Objects-normal/arm64 -c -j10 -enable-batch-mode -incremental -Xcc -ivfsstatcache -Xcc /Users/xu/Library/Developer/Xcode/DerivedData/SDKStatCaches.noindex/iphonesimulator26.4-23E252-686eebb5dc1d8ecb277353a59184f4aa.sdkstatcache -output-file-map /Users/xu/Library/Developer/Xcode/DerivedData/Live_OS-bpdrmnbaeqxonhfroudnbsusxhji/Build/Intermediates.noindex/Pillarbox.build/Debug-iphonesimulator/PillarboxPlayer.build/Objects-normal/arm64/PillarboxPlayer-OutputFileMap.json -use-frontend-parseable-output -save-temps -no-color-diagnostics -explicit-module-build -module-cache-path /Users/xu/Library/Developer/Xcode/DerivedData/Live_OS-bpdrmnbaeqxonhfroudnbsusxhji/Build/Intermediates.noindex/SwiftExplicitPrecompiledModules -clang-scanner-module-cache-path /Users/xu/Library/Developer/Xcode/DerivedData/ModuleCache.noindex -sdk-module-cache-path /Users/xu/Library/Developer/Xcode/DerivedData/ModuleCache.noindex -serialize-diagnostics -emit-dependencies -emit-module -emit-module-path /Users/xu/Library/Developer/Xcode/DerivedData/Live_OS-bpdrmnbaeqxonhfroudnbsusxhji/Build/Intermediates.noindex/Pillarbox.build/Debug-iphonesimulator/PillarboxPlayer.build/Objects-normal/arm64/PillarboxPlayer.swiftmodule -validate-clang-modules-once -clang-build-session-file /Users/xu/Library/Developer/Xcode/DerivedData/ModuleCache.noindex/Session.modulevalidation -package-name pillarbox_apple -Xcc -I/Users/xu/Library/Developer/Xcode/DerivedData/Live_OS-bpdrmnbaeqxonhfroudnbsusxhji/Build/Intermediates.noindex/Pillarbox.build/Debug-iphonesimulator/PillarboxPlayer.build/swift-overrides.hmap -emit-const-values -Xfrontend -const-gather-protocols-file -Xfrontend /Users/xu/Library/Developer/Xcode/DerivedData/Live_OS-bpdrmnbaeqxonhfroudnbsusxhji/Build/Intermediates.noindex/Pillarbox.build/Debug-iphonesimulator/PillarboxPlayer.build/Objects-normal/arm64/PillarboxPlayer_const_extract_protocols.json -Xcc -I/Users/xu/Library/Developer/Xcode/DerivedData/Live_OS-bpdrmnbaeqxonhfroudnbsusxhji/Build/Products/Debug-iphonesimulator/include -Xcc -I/Users/xu/Library/Developer/Xcode/DerivedData/Live_OS-bpdrmnbaeqxonhfroudnbsusxhji/Build/Intermediates.noindex/Pillarbox.build/Debug-iphonesimulator/PillarboxPlayer.build/DerivedSources-normal/arm64 -Xcc -I/Users/xu/Library/Developer/Xcode/DerivedData/Live_OS-bpdrmnbaeqxonhfroudnbsusxhji/Build/Intermediates.noindex/Pillarbox.build/Debug-iphonesimulator/PillarboxPlayer.build/DerivedSources/arm64 -Xcc -I/Users/xu/Library/Developer/Xcode/DerivedData/Live_OS-bpdrmnbaeqxonhfroudnbsusxhji/Build/Intermediates.noindex/Pillarbox.build/Debug-iphonesimulator/PillarboxPlayer.build/DerivedSources -Xcc -DSWIFT_PACKAGE -Xcc -DDEBUG\=1 -emit-objc-header -emit-objc-header-path /Users/xu/Library/Developer/Xcode/DerivedData/Live_OS-bpdrmnbaeqxonhfroudnbsusxhji/Build/Intermediates.noindex/Pillarbox.build/Debug-iphonesimulator/PillarboxPlayer.build/Objects-normal/arm64/PillarboxPlayer-Swift.h -working-directory /Users/xu/Documents/bililive-ios/Live\ OS/Live\ OS.xcodeproj -experimental-emit-module-separately -disable-cmo

Copy /Users/xu/Library/Developer/Xcode/DerivedData/Live_OS-bpdrmnbaeqxonhfroudnbsusxhji/Build/Products/Debug-iphonesimulator/PillarboxPlayer.swiftmodule/Project/arm64-apple-ios-simulator.swiftsourceinfo /Users/xu/Library/Developer/Xcode/DerivedData/Live_OS-bpdrmnbaeqxonhfroudnbsusxhji/Build/Intermediates.noindex/Pillarbox.build/Debug-iphonesimulator/PillarboxPlayer.build/Objects-normal/arm64/PillarboxPlayer.swiftsourceinfo (in target 'PillarboxPlayer' from project 'Pillarbox')
    cd /Users/xu/Documents/bililive-ios/pillarbox-apple
    builtin-copy -exclude .DS_Store -exclude CVS -exclude .svn -exclude .git -exclude .hg -resolve-src-symlinks -rename /Users/xu/Library/Developer/Xcode/DerivedData/Live_OS-bpdrmnbaeqxonhfroudnbsusxhji/Build/Intermediates.noindex/Pillarbox.build/Debug-iphonesimulator/PillarboxPlayer.build/Objects-normal/arm64/PillarboxPlayer.swiftsourceinfo /Users/xu/Library/Developer/Xcode/DerivedData/Live_OS-bpdrmnbaeqxonhfroudnbsusxhji/Build/Products/Debug-iphonesimulator/PillarboxPlayer.swiftmodule/Project/arm64-apple-ios-simulator.swiftsourceinfo

SwiftDriver\ Compilation PillarboxPlayer normal x86_64 com.apple.xcode.tools.swift.compiler (in target 'PillarboxPlayer' from project 'Pillarbox')
    cd /Users/xu/Documents/bililive-ios/Live\ OS/Live\ OS.xcodeproj
    builtin-Swift-Compilation -- /Applications/Xcode.app/Contents/Developer/Toolchains/XcodeDefault.xctoolchain/usr/bin/swiftc -module-name PillarboxPlayer -Onone @/Users/xu/Library/Developer/Xcode/DerivedData/Live_OS-bpdrmnbaeqxonhfroudnbsusxhji/Build/Intermediates.noindex/Pillarbox.build/Debug-iphonesimulator/PillarboxPlayer.build/Objects-normal/x86_64/PillarboxPlayer.SwiftFileList -DSWIFT_PACKAGE -DDEBUG -DSWIFT_MODULE_RESOURCE_BUNDLE_AVAILABLE -DXcode -plugin-path /Applications/Xcode.app/Contents/Developer/Toolchains/XcodeDefault.xctoolchain/usr/lib/swift/host/plugins/testing -enable-experimental-feature DebugDescriptionMacro -sdk /Applications/Xcode.app/Contents/Developer/Platforms/iPhoneSimulator.platform/Developer/SDKs/iPhoneSimulator26.4.sdk -target x86_64-apple-ios16.0-simulator -g -module-cache-path /Users/xu/Library/Developer/Xcode/DerivedData/ModuleCache.noindex -Xfrontend -serialize-debugging-options -enable-testing -suppress-warnings -index-store-path /Users/xu/Library/Developer/Xcode/DerivedData/Live_OS-bpdrmnbaeqxonhfroudnbsusxhji/Index.noindex/DataStore -Xcc -D_LIBCPP_HARDENING_MODE\=_LIBCPP_HARDENING_MODE_DEBUG -swift-version 5 -I /Users/xu/Library/Developer/Xcode/DerivedData/Live_OS-bpdrmnbaeqxonhfroudnbsusxhji/Build/Products/Debug-iphonesimulator -Isystem /Applications/Xcode.app/Contents/Developer/Platforms/iPhoneSimulator.platform/Developer/usr/lib -F /Users/xu/Library/Developer/Xcode/DerivedData/Live_OS-bpdrmnbaeqxonhfroudnbsusxhji/Build/Products/Debug-iphonesimulator/PackageFrameworks -F /Users/xu/Library/Developer/Xcode/DerivedData/Live_OS-bpdrmnbaeqxonhfroudnbsusxhji/Build/Products/Debug-iphonesimulator/PackageFrameworks -F /Users/xu/Library/Developer/Xcode/DerivedData/Live_OS-bpdrmnbaeqxonhfroudnbsusxhji/Build/Products/Debug-iphonesimulator/PackageFrameworks -F /Users/xu/Library/Developer/Xcode/DerivedData/Live_OS-bpdrmnbaeqxonhfroudnbsusxhji/Build/Products/Debug-iphonesimulator/PackageFrameworks -F /Users/xu/Library/Developer/Xcode/DerivedData/Live_OS-bpdrmnbaeqxonhfroudnbsusxhji/Build/Products/Debug-iphonesimulator/PackageFrameworks -F /Users/xu/Library/Developer/Xcode/DerivedData/Live_OS-bpdrmnbaeqxonhfroudnbsusxhji/Build/Products/Debug-iphonesimulator -F /Applications/Xcode.app/Contents/Developer/Platforms/iPhoneSimulator.platform/Developer/Library/Frameworks -F /Applications/Xcode.app/Contents/Developer/Platforms/iPhoneSimulator.platform/Developer/SDKs/iPhoneSimulator26.4.sdk/Developer/Library/Frameworks -emit-localized-strings -emit-localized-strings-path /Users/xu/Library/Developer/Xcode/DerivedData/Live_OS-bpdrmnbaeqxonhfroudnbsusxhji/Build/Intermediates.noindex/Pillarbox.build/Debug-iphonesimulator/PillarboxPlayer.build/Objects-normal/x86_64 -c -j10 -enable-batch-mode -incremental -Xcc -ivfsstatcache -Xcc /Users/xu/Library/Developer/Xcode/DerivedData/SDKStatCaches.noindex/iphonesimulator26.4-23E252-686eebb5dc1d8ecb277353a59184f4aa.sdkstatcache -output-file-map /Users/xu/Library/Developer/Xcode/DerivedData/Live_OS-bpdrmnbaeqxonhfroudnbsusxhji/Build/Intermediates.noindex/Pillarbox.build/Debug-iphonesimulator/PillarboxPlayer.build/Objects-normal/x86_64/PillarboxPlayer-OutputFileMap.json -use-frontend-parseable-output -save-temps -no-color-diagnostics -explicit-module-build -module-cache-path /Users/xu/Library/Developer/Xcode/DerivedData/Live_OS-bpdrmnbaeqxonhfroudnbsusxhji/Build/Intermediates.noindex/SwiftExplicitPrecompiledModules -clang-scanner-module-cache-path /Users/xu/Library/Developer/Xcode/DerivedData/ModuleCache.noindex -sdk-module-cache-path /Users/xu/Library/Developer/Xcode/DerivedData/ModuleCache.noindex -serialize-diagnostics -emit-dependencies -emit-module -emit-module-path /Users/xu/Library/Developer/Xcode/DerivedData/Live_OS-bpdrmnbaeqxonhfroudnbsusxhji/Build/Intermediates.noindex/Pillarbox.build/Debug-iphonesimulator/PillarboxPlayer.build/Objects-normal/x86_64/PillarboxPlayer.swiftmodule -validate-clang-modules-once -clang-build-session-file /Users/xu/Library/Developer/Xcode/DerivedData/ModuleCache.noindex/Session.modulevalidation -package-name pillarbox_apple -Xcc -I/Users/xu/Library/Developer/Xcode/DerivedData/Live_OS-bpdrmnbaeqxonhfroudnbsusxhji/Build/Intermediates.noindex/Pillarbox.build/Debug-iphonesimulator/PillarboxPlayer.build/swift-overrides.hmap -emit-const-values -Xfrontend -const-gather-protocols-file -Xfrontend /Users/xu/Library/Developer/Xcode/DerivedData/Live_OS-bpdrmnbaeqxonhfroudnbsusxhji/Build/Intermediates.noindex/Pillarbox.build/Debug-iphonesimulator/PillarboxPlayer.build/Objects-normal/x86_64/PillarboxPlayer_const_extract_protocols.json -Xcc -I/Users/xu/Library/Developer/Xcode/DerivedData/Live_OS-bpdrmnbaeqxonhfroudnbsusxhji/Build/Products/Debug-iphonesimulator/include -Xcc -I/Users/xu/Library/Developer/Xcode/DerivedData/Live_OS-bpdrmnbaeqxonhfroudnbsusxhji/Build/Intermediates.noindex/Pillarbox.build/Debug-iphonesimulator/PillarboxPlayer.build/DerivedSources-normal/x86_64 -Xcc -I/Users/xu/Library/Developer/Xcode/DerivedData/Live_OS-bpdrmnbaeqxonhfroudnbsusxhji/Build/Intermediates.noindex/Pillarbox.build/Debug-iphonesimulator/PillarboxPlayer.build/DerivedSources/x86_64 -Xcc -I/Users/xu/Library/Developer/Xcode/DerivedData/Live_OS-bpdrmnbaeqxonhfroudnbsusxhji/Build/Intermediates.noindex/Pillarbox.build/Debug-iphonesimulator/PillarboxPlayer.build/DerivedSources -Xcc -DSWIFT_PACKAGE -Xcc -DDEBUG\=1 -emit-objc-header -emit-objc-header-path /Users/xu/Library/Developer/Xcode/DerivedData/Live_OS-bpdrmnbaeqxonhfroudnbsusxhji/Build/Intermediates.noindex/Pillarbox.build/Debug-iphonesimulator/PillarboxPlayer.build/Objects-normal/x86_64/PillarboxPlayer-Swift.h -working-directory /Users/xu/Documents/bililive-ios/Live\ OS/Live\ OS.xcodeproj -experimental-emit-module-separately -disable-cmo

SwiftDriver\ Compilation PillarboxPlayer normal arm64 com.apple.xcode.tools.swift.compiler (in target 'PillarboxPlayer' from project 'Pillarbox')
    cd /Users/xu/Documents/bililive-ios/Live\ OS/Live\ OS.xcodeproj
    builtin-Swift-Compilation -- /Applications/Xcode.app/Contents/Developer/Toolchains/XcodeDefault.xctoolchain/usr/bin/swiftc -module-name PillarboxPlayer -Onone @/Users/xu/Library/Developer/Xcode/DerivedData/Live_OS-bpdrmnbaeqxonhfroudnbsusxhji/Build/Intermediates.noindex/Pillarbox.build/Debug-iphonesimulator/PillarboxPlayer.build/Objects-normal/arm64/PillarboxPlayer.SwiftFileList -DSWIFT_PACKAGE -DDEBUG -DSWIFT_MODULE_RESOURCE_BUNDLE_AVAILABLE -DXcode -plugin-path /Applications/Xcode.app/Contents/Developer/Toolchains/XcodeDefault.xctoolchain/usr/lib/swift/host/plugins/testing -enable-experimental-feature DebugDescriptionMacro -sdk /Applications/Xcode.app/Contents/Developer/Platforms/iPhoneSimulator.platform/Developer/SDKs/iPhoneSimulator26.4.sdk -target arm64-apple-ios16.0-simulator -g -module-cache-path /Users/xu/Library/Developer/Xcode/DerivedData/ModuleCache.noindex -Xfrontend -serialize-debugging-options -enable-testing -suppress-warnings -index-store-path /Users/xu/Library/Developer/Xcode/DerivedData/Live_OS-bpdrmnbaeqxonhfroudnbsusxhji/Index.noindex/DataStore -Xcc -D_LIBCPP_HARDENING_MODE\=_LIBCPP_HARDENING_MODE_DEBUG -swift-version 5 -I /Users/xu/Library/Developer/Xcode/DerivedData/Live_OS-bpdrmnbaeqxonhfroudnbsusxhji/Build/Products/Debug-iphonesimulator -Isystem /Applications/Xcode.app/Contents/Developer/Platforms/iPhoneSimulator.platform/Developer/usr/lib -F /Users/xu/Library/Developer/Xcode/DerivedData/Live_OS-bpdrmnbaeqxonhfroudnbsusxhji/Build/Products/Debug-iphonesimulator/PackageFrameworks -F /Users/xu/Library/Developer/Xcode/DerivedData/Live_OS-bpdrmnbaeqxonhfroudnbsusxhji/Build/Products/Debug-iphonesimulator/PackageFrameworks -F /Users/xu/Library/Developer/Xcode/DerivedData/Live_OS-bpdrmnbaeqxonhfroudnbsusxhji/Build/Products/Debug-iphonesimulator/PackageFrameworks -F /Users/xu/Library/Developer/Xcode/DerivedData/Live_OS-bpdrmnbaeqxonhfroudnbsusxhji/Build/Products/Debug-iphonesimulator/PackageFrameworks -F /Users/xu/Library/Developer/Xcode/DerivedData/Live_OS-bpdrmnbaeqxonhfroudnbsusxhji/Build/Products/Debug-iphonesimulator/PackageFrameworks -F /Users/xu/Library/Developer/Xcode/DerivedData/Live_OS-bpdrmnbaeqxonhfroudnbsusxhji/Build/Products/Debug-iphonesimulator -F /Applications/Xcode.app/Contents/Developer/Platforms/iPhoneSimulator.platform/Developer/Library/Frameworks -F /Applications/Xcode.app/Contents/Developer/Platforms/iPhoneSimulator.platform/Developer/SDKs/iPhoneSimulator26.4.sdk/Developer/Library/Frameworks -emit-localized-strings -emit-localized-strings-path /Users/xu/Library/Developer/Xcode/DerivedData/Live_OS-bpdrmnbaeqxonhfroudnbsusxhji/Build/Intermediates.noindex/Pillarbox.build/Debug-iphonesimulator/PillarboxPlayer.build/Objects-normal/arm64 -c -j10 -enable-batch-mode -incremental -Xcc -ivfsstatcache -Xcc /Users/xu/Library/Developer/Xcode/DerivedData/SDKStatCaches.noindex/iphonesimulator26.4-23E252-686eebb5dc1d8ecb277353a59184f4aa.sdkstatcache -output-file-map /Users/xu/Library/Developer/Xcode/DerivedData/Live_OS-bpdrmnbaeqxonhfroudnbsusxhji/Build/Intermediates.noindex/Pillarbox.build/Debug-iphonesimulator/PillarboxPlayer.build/Objects-normal/arm64/PillarboxPlayer-OutputFileMap.json -use-frontend-parseable-output -save-temps -no-color-diagnostics -explicit-module-build -module-cache-path /Users/xu/Library/Developer/Xcode/DerivedData/Live_OS-bpdrmnbaeqxonhfroudnbsusxhji/Build/Intermediates.noindex/SwiftExplicitPrecompiledModules -clang-scanner-module-cache-path /Users/xu/Library/Developer/Xcode/DerivedData/ModuleCache.noindex -sdk-module-cache-path /Users/xu/Library/Developer/Xcode/DerivedData/ModuleCache.noindex -serialize-diagnostics -emit-dependencies -emit-module -emit-module-path /Users/xu/Library/Developer/Xcode/DerivedData/Live_OS-bpdrmnbaeqxonhfroudnbsusxhji/Build/Intermediates.noindex/Pillarbox.build/Debug-iphonesimulator/PillarboxPlayer.build/Objects-normal/arm64/PillarboxPlayer.swiftmodule -validate-clang-modules-once -clang-build-session-file /Users/xu/Library/Developer/Xcode/DerivedData/ModuleCache.noindex/Session.modulevalidation -package-name pillarbox_apple -Xcc -I/Users/xu/Library/Developer/Xcode/DerivedData/Live_OS-bpdrmnbaeqxonhfroudnbsusxhji/Build/Intermediates.noindex/Pillarbox.build/Debug-iphonesimulator/PillarboxPlayer.build/swift-overrides.hmap -emit-const-values -Xfrontend -const-gather-protocols-file -Xfrontend /Users/xu/Library/Developer/Xcode/DerivedData/Live_OS-bpdrmnbaeqxonhfroudnbsusxhji/Build/Intermediates.noindex/Pillarbox.build/Debug-iphonesimulator/PillarboxPlayer.build/Objects-normal/arm64/PillarboxPlayer_const_extract_protocols.json -Xcc -I/Users/xu/Library/Developer/Xcode/DerivedData/Live_OS-bpdrmnbaeqxonhfroudnbsusxhji/Build/Products/Debug-iphonesimulator/include -Xcc -I/Users/xu/Library/Developer/Xcode/DerivedData/Live_OS-bpdrmnbaeqxonhfroudnbsusxhji/Build/Intermediates.noindex/Pillarbox.build/Debug-iphonesimulator/PillarboxPlayer.build/DerivedSources-normal/arm64 -Xcc -I/Users/xu/Library/Developer/Xcode/DerivedData/Live_OS-bpdrmnbaeqxonhfroudnbsusxhji/Build/Intermediates.noindex/Pillarbox.build/Debug-iphonesimulator/PillarboxPlayer.build/DerivedSources/arm64 -Xcc -I/Users/xu/Library/Developer/Xcode/DerivedData/Live_OS-bpdrmnbaeqxonhfroudnbsusxhji/Build/Intermediates.noindex/Pillarbox.build/Debug-iphonesimulator/PillarboxPlayer.build/DerivedSources -Xcc -DSWIFT_PACKAGE -Xcc -DDEBUG\=1 -emit-objc-header -emit-objc-header-path /Users/xu/Library/Developer/Xcode/DerivedData/Live_OS-bpdrmnbaeqxonhfroudnbsusxhji/Build/Intermediates.noindex/Pillarbox.build/Debug-iphonesimulator/PillarboxPlayer.build/Objects-normal/arm64/PillarboxPlayer-Swift.h -working-directory /Users/xu/Documents/bililive-ios/Live\ OS/Live\ OS.xcodeproj -experimental-emit-module-separately -disable-cmo

SwiftDriverJobDiscovery normal x86_64 Emitting module for PillarboxPlayer (in target 'PillarboxPlayer' from project 'Pillarbox')

Copy /Users/xu/Library/Developer/Xcode/DerivedData/Live_OS-bpdrmnbaeqxonhfroudnbsusxhji/Build/Products/Debug-iphonesimulator/PillarboxPlayer.swiftmodule/arm64-apple-ios-simulator.abi.json /Users/xu/Library/Developer/Xcode/DerivedData/Live_OS-bpdrmnbaeqxonhfroudnbsusxhji/Build/Intermediates.noindex/Pillarbox.build/Debug-iphonesimulator/PillarboxPlayer.build/Objects-normal/arm64/PillarboxPlayer.abi.json (in target 'PillarboxPlayer' from project 'Pillarbox')
    cd /Users/xu/Documents/bililive-ios/pillarbox-apple
    builtin-copy -exclude .DS_Store -exclude CVS -exclude .svn -exclude .git -exclude .hg -resolve-src-symlinks -rename /Users/xu/Library/Developer/Xcode/DerivedData/Live_OS-bpdrmnbaeqxonhfroudnbsusxhji/Build/Intermediates.noindex/Pillarbox.build/Debug-iphonesimulator/PillarboxPlayer.build/Objects-normal/arm64/PillarboxPlayer.abi.json /Users/xu/Library/Developer/Xcode/DerivedData/Live_OS-bpdrmnbaeqxonhfroudnbsusxhji/Build/Products/Debug-iphonesimulator/PillarboxPlayer.swiftmodule/arm64-apple-ios-simulator.abi.json

SwiftDriver\ Compilation\ Requirements PillarboxPlayer normal x86_64 com.apple.xcode.tools.swift.compiler (in target 'PillarboxPlayer' from project 'Pillarbox')
    cd /Users/xu/Documents/bililive-ios/Live\ OS/Live\ OS.xcodeproj
    builtin-Swift-Compilation-Requirements -- /Applications/Xcode.app/Contents/Developer/Toolchains/XcodeDefault.xctoolchain/usr/bin/swiftc -module-name PillarboxPlayer -Onone @/Users/xu/Library/Developer/Xcode/DerivedData/Live_OS-bpdrmnbaeqxonhfroudnbsusxhji/Build/Intermediates.noindex/Pillarbox.build/Debug-iphonesimulator/PillarboxPlayer.build/Objects-normal/x86_64/PillarboxPlayer.SwiftFileList -DSWIFT_PACKAGE -DDEBUG -DSWIFT_MODULE_RESOURCE_BUNDLE_AVAILABLE -DXcode -plugin-path /Applications/Xcode.app/Contents/Developer/Toolchains/XcodeDefault.xctoolchain/usr/lib/swift/host/plugins/testing -enable-experimental-feature DebugDescriptionMacro -sdk /Applications/Xcode.app/Contents/Developer/Platforms/iPhoneSimulator.platform/Developer/SDKs/iPhoneSimulator26.4.sdk -target x86_64-apple-ios16.0-simulator -g -module-cache-path /Users/xu/Library/Developer/Xcode/DerivedData/ModuleCache.noindex -Xfrontend -serialize-debugging-options -enable-testing -suppress-warnings -index-store-path /Users/xu/Library/Developer/Xcode/DerivedData/Live_OS-bpdrmnbaeqxonhfroudnbsusxhji/Index.noindex/DataStore -Xcc -D_LIBCPP_HARDENING_MODE\=_LIBCPP_HARDENING_MODE_DEBUG -swift-version 5 -I /Users/xu/Library/Developer/Xcode/DerivedData/Live_OS-bpdrmnbaeqxonhfroudnbsusxhji/Build/Products/Debug-iphonesimulator -Isystem /Applications/Xcode.app/Contents/Developer/Platforms/iPhoneSimulator.platform/Developer/usr/lib -F /Users/xu/Library/Developer/Xcode/DerivedData/Live_OS-bpdrmnbaeqxonhfroudnbsusxhji/Build/Products/Debug-iphonesimulator/PackageFrameworks -F /Users/xu/Library/Developer/Xcode/DerivedData/Live_OS-bpdrmnbaeqxonhfroudnbsusxhji/Build/Products/Debug-iphonesimulator/PackageFrameworks -F /Users/xu/Library/Developer/Xcode/DerivedData/Live_OS-bpdrmnbaeqxonhfroudnbsusxhji/Build/Products/Debug-iphonesimulator/PackageFrameworks -F /Users/xu/Library/Developer/Xcode/DerivedData/Live_OS-bpdrmnbaeqxonhfroudnbsusxhji/Build/Products/Debug-iphonesimulator/PackageFrameworks -F /Users/xu/Library/Developer/Xcode/DerivedData/Live_OS-bpdrmnbaeqxonhfroudnbsusxhji/Build/Products/Debug-iphonesimulator/PackageFrameworks -F /Users/xu/Library/Developer/Xcode/DerivedData/Live_OS-bpdrmnbaeqxonhfroudnbsusxhji/Build/Products/Debug-iphonesimulator -F /Applications/Xcode.app/Contents/Developer/Platforms/iPhoneSimulator.platform/Developer/Library/Frameworks -F /Applications/Xcode.app/Contents/Developer/Platforms/iPhoneSimulator.platform/Developer/SDKs/iPhoneSimulator26.4.sdk/Developer/Library/Frameworks -emit-localized-strings -emit-localized-strings-path /Users/xu/Library/Developer/Xcode/DerivedData/Live_OS-bpdrmnbaeqxonhfroudnbsusxhji/Build/Intermediates.noindex/Pillarbox.build/Debug-iphonesimulator/PillarboxPlayer.build/Objects-normal/x86_64 -c -j10 -enable-batch-mode -incremental -Xcc -ivfsstatcache -Xcc /Users/xu/Library/Developer/Xcode/DerivedData/SDKStatCaches.noindex/iphonesimulator26.4-23E252-686eebb5dc1d8ecb277353a59184f4aa.sdkstatcache -output-file-map /Users/xu/Library/Developer/Xcode/DerivedData/Live_OS-bpdrmnbaeqxonhfroudnbsusxhji/Build/Intermediates.noindex/Pillarbox.build/Debug-iphonesimulator/PillarboxPlayer.build/Objects-normal/x86_64/PillarboxPlayer-OutputFileMap.json -use-frontend-parseable-output -save-temps -no-color-diagnostics -explicit-module-build -module-cache-path /Users/xu/Library/Developer/Xcode/DerivedData/Live_OS-bpdrmnbaeqxonhfroudnbsusxhji/Build/Intermediates.noindex/SwiftExplicitPrecompiledModules -clang-scanner-module-cache-path /Users/xu/Library/Developer/Xcode/DerivedData/ModuleCache.noindex -sdk-module-cache-path /Users/xu/Library/Developer/Xcode/DerivedData/ModuleCache.noindex -serialize-diagnostics -emit-dependencies -emit-module -emit-module-path /Users/xu/Library/Developer/Xcode/DerivedData/Live_OS-bpdrmnbaeqxonhfroudnbsusxhji/Build/Intermediates.noindex/Pillarbox.build/Debug-iphonesimulator/PillarboxPlayer.build/Objects-normal/x86_64/PillarboxPlayer.swiftmodule -validate-clang-modules-once -clang-build-session-file /Users/xu/Library/Developer/Xcode/DerivedData/ModuleCache.noindex/Session.modulevalidation -package-name pillarbox_apple -Xcc -I/Users/xu/Library/Developer/Xcode/DerivedData/Live_OS-bpdrmnbaeqxonhfroudnbsusxhji/Build/Intermediates.noindex/Pillarbox.build/Debug-iphonesimulator/PillarboxPlayer.build/swift-overrides.hmap -emit-const-values -Xfrontend -const-gather-protocols-file -Xfrontend /Users/xu/Library/Developer/Xcode/DerivedData/Live_OS-bpdrmnbaeqxonhfroudnbsusxhji/Build/Intermediates.noindex/Pillarbox.build/Debug-iphonesimulator/PillarboxPlayer.build/Objects-normal/x86_64/PillarboxPlayer_const_extract_protocols.json -Xcc -I/Users/xu/Library/Developer/Xcode/DerivedData/Live_OS-bpdrmnbaeqxonhfroudnbsusxhji/Build/Products/Debug-iphonesimulator/include -Xcc -I/Users/xu/Library/Developer/Xcode/DerivedData/Live_OS-bpdrmnbaeqxonhfroudnbsusxhji/Build/Intermediates.noindex/Pillarbox.build/Debug-iphonesimulator/PillarboxPlayer.build/DerivedSources-normal/x86_64 -Xcc -I/Users/xu/Library/Developer/Xcode/DerivedData/Live_OS-bpdrmnbaeqxonhfroudnbsusxhji/Build/Intermediates.noindex/Pillarbox.build/Debug-iphonesimulator/PillarboxPlayer.build/DerivedSources/x86_64 -Xcc -I/Users/xu/Library/Developer/Xcode/DerivedData/Live_OS-bpdrmnbaeqxonhfroudnbsusxhji/Build/Intermediates.noindex/Pillarbox.build/Debug-iphonesimulator/PillarboxPlayer.build/DerivedSources -Xcc -DSWIFT_PACKAGE -Xcc -DDEBUG\=1 -emit-objc-header -emit-objc-header-path /Users/xu/Library/Developer/Xcode/DerivedData/Live_OS-bpdrmnbaeqxonhfroudnbsusxhji/Build/Intermediates.noindex/Pillarbox.build/Debug-iphonesimulator/PillarboxPlayer.build/Objects-normal/x86_64/PillarboxPlayer-Swift.h -working-directory /Users/xu/Documents/bililive-ios/Live\ OS/Live\ OS.xcodeproj -experimental-emit-module-separately -disable-cmo

Copy /Users/xu/Library/Developer/Xcode/DerivedData/Live_OS-bpdrmnbaeqxonhfroudnbsusxhji/Build/Products/Debug-iphonesimulator/PillarboxPlayer.swiftmodule/Project/x86_64-apple-ios-simulator.swiftsourceinfo /Users/xu/Library/Developer/Xcode/DerivedData/Live_OS-bpdrmnbaeqxonhfroudnbsusxhji/Build/Intermediates.noindex/Pillarbox.build/Debug-iphonesimulator/PillarboxPlayer.build/Objects-normal/x86_64/PillarboxPlayer.swiftsourceinfo (in target 'PillarboxPlayer' from project 'Pillarbox')
    cd /Users/xu/Documents/bililive-ios/pillarbox-apple
    builtin-copy -exclude .DS_Store -exclude CVS -exclude .svn -exclude .git -exclude .hg -resolve-src-symlinks -rename /Users/xu/Library/Developer/Xcode/DerivedData/Live_OS-bpdrmnbaeqxonhfroudnbsusxhji/Build/Intermediates.noindex/Pillarbox.build/Debug-iphonesimulator/PillarboxPlayer.build/Objects-normal/x86_64/PillarboxPlayer.swiftsourceinfo /Users/xu/Library/Developer/Xcode/DerivedData/Live_OS-bpdrmnbaeqxonhfroudnbsusxhji/Build/Products/Debug-iphonesimulator/PillarboxPlayer.swiftmodule/Project/x86_64-apple-ios-simulator.swiftsourceinfo

Copy /Users/xu/Library/Developer/Xcode/DerivedData/Live_OS-bpdrmnbaeqxonhfroudnbsusxhji/Build/Products/Debug-iphonesimulator/PillarboxPlayer.swiftmodule/x86_64-apple-ios-simulator.abi.json /Users/xu/Library/Developer/Xcode/DerivedData/Live_OS-bpdrmnbaeqxonhfroudnbsusxhji/Build/Intermediates.noindex/Pillarbox.build/Debug-iphonesimulator/PillarboxPlayer.build/Objects-normal/x86_64/PillarboxPlayer.abi.json (in target 'PillarboxPlayer' from project 'Pillarbox')
    cd /Users/xu/Documents/bililive-ios/pillarbox-apple
    builtin-copy -exclude .DS_Store -exclude CVS -exclude .svn -exclude .git -exclude .hg -resolve-src-symlinks -rename /Users/xu/Library/Developer/Xcode/DerivedData/Live_OS-bpdrmnbaeqxonhfroudnbsusxhji/Build/Intermediates.noindex/Pillarbox.build/Debug-iphonesimulator/PillarboxPlayer.build/Objects-normal/x86_64/PillarboxPlayer.abi.json /Users/xu/Library/Developer/Xcode/DerivedData/Live_OS-bpdrmnbaeqxonhfroudnbsusxhji/Build/Products/Debug-iphonesimulator/PillarboxPlayer.swiftmodule/x86_64-apple-ios-simulator.abi.json

ExtractAppIntentsMetadata (in target 'PillarboxPlayer' from project 'Pillarbox')
    cd /Users/xu/Documents/bililive-ios/pillarbox-apple
    /Applications/Xcode.app/Contents/Developer/Toolchains/XcodeDefault.xctoolchain/usr/bin/appintentsmetadataprocessor --toolchain-dir /Applications/Xcode.app/Contents/Developer/Toolchains/XcodeDefault.xctoolchain --module-name PillarboxPlayer --sdk-root /Applications/Xcode.app/Contents/Developer/Platforms/iPhoneSimulator.platform/Developer/SDKs/iPhoneSimulator26.4.sdk --xcode-version 17E202 --platform-family iOS --deployment-target 16.0 --bundle-identifier pillarbox-apple.PillarboxPlayer --output /Users/xu/Library/Developer/Xcode/DerivedData/Live_OS-bpdrmnbaeqxonhfroudnbsusxhji/Build/Products/Debug-iphonesimulator/PillarboxPlayer.appintents --target-triple arm64-apple-ios16.0-simulator --target-triple x86_64-apple-ios16.0-simulator --binary-file /Users/xu/Library/Developer/Xcode/DerivedData/Live_OS-bpdrmnbaeqxonhfroudnbsusxhji/Build/Products/Debug-iphonesimulator/PillarboxPlayer.o --dependency-file /Users/xu/Library/Developer/Xcode/DerivedData/Live_OS-bpdrmnbaeqxonhfroudnbsusxhji/Build/Intermediates.noindex/Pillarbox.build/Debug-iphonesimulator/PillarboxPlayer.build/Objects-normal/arm64/PillarboxPlayer_dependency_info.dat --dependency-file /Users/xu/Library/Developer/Xcode/DerivedData/Live_OS-bpdrmnbaeqxonhfroudnbsusxhji/Build/Intermediates.noindex/Pillarbox.build/Debug-iphonesimulator/PillarboxPlayer.build/Objects-normal/x86_64/PillarboxPlayer_dependency_info.dat --stringsdata-file /Users/xu/Library/Developer/Xcode/DerivedData/Live_OS-bpdrmnbaeqxonhfroudnbsusxhji/Build/Intermediates.noindex/Pillarbox.build/Debug-iphonesimulator/PillarboxPlayer.build/Objects-normal/arm64/ExtractedAppShortcutsMetadata.stringsdata --stringsdata-file /Users/xu/Library/Developer/Xcode/DerivedData/Live_OS-bpdrmnbaeqxonhfroudnbsusxhji/Build/Intermediates.noindex/Pillarbox.build/Debug-iphonesimulator/PillarboxPlayer.build/Objects-normal/x86_64/ExtractedAppShortcutsMetadata.stringsdata --source-file-list /Users/xu/Library/Developer/Xcode/DerivedData/Live_OS-bpdrmnbaeqxonhfroudnbsusxhji/Build/Intermediates.noindex/Pillarbox.build/Debug-iphonesimulator/PillarboxPlayer.build/Objects-normal/arm64/PillarboxPlayer.SwiftFileList --source-file-list /Users/xu/Library/Developer/Xcode/DerivedData/Live_OS-bpdrmnbaeqxonhfroudnbsusxhji/Build/Intermediates.noindex/Pillarbox.build/Debug-iphonesimulator/PillarboxPlayer.build/Objects-normal/x86_64/PillarboxPlayer.SwiftFileList --metadata-file-list /Users/xu/Library/Developer/Xcode/DerivedData/Live_OS-bpdrmnbaeqxonhfroudnbsusxhji/Build/Intermediates.noindex/Pillarbox.build/Debug-iphonesimulator/PillarboxPlayer.build/PillarboxPlayer.DependencyMetadataFileList --static-metadata-file-list /Users/xu/Library/Developer/Xcode/DerivedData/Live_OS-bpdrmnbaeqxonhfroudnbsusxhji/Build/Intermediates.noindex/Pillarbox.build/Debug-iphonesimulator/PillarboxPlayer.build/PillarboxPlayer.DependencyStaticMetadataFileList --swift-const-vals-list /Users/xu/Library/Developer/Xcode/DerivedData/Live_OS-bpdrmnbaeqxonhfroudnbsusxhji/Build/Intermediates.noindex/Pillarbox.build/Debug-iphonesimulator/PillarboxPlayer.build/Objects-normal/arm64/PillarboxPlayer.SwiftConstValuesFileList --swift-const-vals-list /Users/xu/Library/Developer/Xcode/DerivedData/Live_OS-bpdrmnbaeqxonhfroudnbsusxhji/Build/Intermediates.noindex/Pillarbox.build/Debug-iphonesimulator/PillarboxPlayer.build/Objects-normal/x86_64/PillarboxPlayer.SwiftConstValuesFileList --force --compile-time-extraction --deployment-aware-processing --validate-assistant-intents --no-app-shortcuts-localization
2026-05-02 14:48:06.513 appintentsmetadataprocessor[86818:11650184] Starting appintentsmetadataprocessor export
2026-05-02 14:48:06.551 appintentsmetadataprocessor[86818:11650184] Extracted no relevant App Intents symbols, skipping writing output

GenerateAssetSymbols /Users/xu/Documents/bililive-ios/Live\ OS/Live\ OS/Assets.xcassets (in target 'Live OS' from project 'Live OS')
    cd /Users/xu/Documents/bililive-ios/Live\ OS
    /Applications/Xcode.app/Contents/Developer/usr/bin/actool /Users/xu/Documents/bililive-ios/Live\ OS/Live\ OS/Assets.xcassets --compile /Users/xu/Library/Developer/Xcode/DerivedData/Live_OS-bpdrmnbaeqxonhfroudnbsusxhji/Build/Products/Debug-iphonesimulator/Live\ OS.app --output-format human-readable-text --notices --warnings --export-dependency-info /Users/xu/Library/Developer/Xcode/DerivedData/Live_OS-bpdrmnbaeqxonhfroudnbsusxhji/Build/Intermediates.noindex/Live\ OS.build/Debug-iphonesimulator/Live\ OS.build/assetcatalog_dependencies --output-partial-info-plist /Users/xu/Library/Developer/Xcode/DerivedData/Live_OS-bpdrmnbaeqxonhfroudnbsusxhji/Build/Intermediates.noindex/Live\ OS.build/Debug-iphonesimulator/Live\ OS.build/assetcatalog_generated_info.plist --app-icon AppIcon --accent-color AccentColor --compress-pngs --enable-on-demand-resources YES --development-region en --target-device iphone --target-device ipad --minimum-deployment-target 17.0 --platform iphonesimulator --bundle-identifier bililiveos.Live-OS --generate-swift-asset-symbols /Users/xu/Library/Developer/Xcode/DerivedData/Live_OS-bpdrmnbaeqxonhfroudnbsusxhji/Build/Intermediates.noindex/Live\ OS.build/Debug-iphonesimulator/Live\ OS.build/DerivedSources/GeneratedAssetSymbols.swift --generate-objc-asset-symbols /Users/xu/Library/Developer/Xcode/DerivedData/Live_OS-bpdrmnbaeqxonhfroudnbsusxhji/Build/Intermediates.noindex/Live\ OS.build/Debug-iphonesimulator/Live\ OS.build/DerivedSources/GeneratedAssetSymbols.h --generate-asset-symbol-index /Users/xu/Library/Developer/Xcode/DerivedData/Live_OS-bpdrmnbaeqxonhfroudnbsusxhji/Build/Intermediates.noindex/Live\ OS.build/Debug-iphonesimulator/Live\ OS.build/DerivedSources/GeneratedAssetSymbols-Index.plist
/* com.apple.actool.compilation-results */
/Users/xu/Library/Developer/Xcode/DerivedData/Live_OS-bpdrmnbaeqxonhfroudnbsusxhji/Build/Intermediates.noindex/Live OS.build/Debug-iphonesimulator/Live OS.build/DerivedSources/GeneratedAssetSymbols-Index.plist
/Users/xu/Library/Developer/Xcode/DerivedData/Live_OS-bpdrmnbaeqxonhfroudnbsusxhji/Build/Intermediates.noindex/Live OS.build/Debug-iphonesimulator/Live OS.build/DerivedSources/GeneratedAssetSymbols.h
/Users/xu/Library/Developer/Xcode/DerivedData/Live_OS-bpdrmnbaeqxonhfroudnbsusxhji/Build/Intermediates.noindex/Live OS.build/Debug-iphonesimulator/Live OS.build/DerivedSources/GeneratedAssetSymbols.swift


LinkAssetCatalog /Users/xu/Documents/bililive-ios/Live\ OS/Live\ OS/Assets.xcassets (in target 'Live OS' from project 'Live OS')
    cd /Users/xu/Documents/bililive-ios/Live\ OS
    builtin-linkAssetCatalog --thinned /Users/xu/Library/Developer/Xcode/DerivedData/Live_OS-bpdrmnbaeqxonhfroudnbsusxhji/Build/Intermediates.noindex/Live\ OS.build/Debug-iphonesimulator/Live\ OS.build/assetcatalog_output/thinned --thinned-dependencies /Users/xu/Library/Developer/Xcode/DerivedData/Live_OS-bpdrmnbaeqxonhfroudnbsusxhji/Build/Intermediates.noindex/Live\ OS.build/Debug-iphonesimulator/Live\ OS.build/assetcatalog_dependencies_thinned --thinned-info-plist-content /Users/xu/Library/Developer/Xcode/DerivedData/Live_OS-bpdrmnbaeqxonhfroudnbsusxhji/Build/Intermediates.noindex/Live\ OS.build/Debug-iphonesimulator/Live\ OS.build/assetcatalog_generated_info.plist_thinned --unthinned /Users/xu/Library/Developer/Xcode/DerivedData/Live_OS-bpdrmnbaeqxonhfroudnbsusxhji/Build/Intermediates.noindex/Live\ OS.build/Debug-iphonesimulator/Live\ OS.build/assetcatalog_output/unthinned --unthinned-dependencies /Users/xu/Library/Developer/Xcode/DerivedData/Live_OS-bpdrmnbaeqxonhfroudnbsusxhji/Build/Intermediates.noindex/Live\ OS.build/Debug-iphonesimulator/Live\ OS.build/assetcatalog_dependencies_unthinned --unthinned-info-plist-content /Users/xu/Library/Developer/Xcode/DerivedData/Live_OS-bpdrmnbaeqxonhfroudnbsusxhji/Build/Intermediates.noindex/Live\ OS.build/Debug-iphonesimulator/Live\ OS.build/assetcatalog_generated_info.plist_unthinned --output /Users/xu/Library/Developer/Xcode/DerivedData/Live_OS-bpdrmnbaeqxonhfroudnbsusxhji/Build/Products/Debug-iphonesimulator/Live\ OS.app --plist-output /Users/xu/Library/Developer/Xcode/DerivedData/Live_OS-bpdrmnbaeqxonhfroudnbsusxhji/Build/Intermediates.noindex/Live\ OS.build/Debug-iphonesimulator/Live\ OS.build/assetcatalog_generated_info.plist
note: Emplaced /Users/xu/Library/Developer/Xcode/DerivedData/Live_OS-bpdrmnbaeqxonhfroudnbsusxhji/Build/Products/Debug-iphonesimulator/Live OS.app/AppIcon76x76@2x~ipad.png (in target 'Live OS' from project 'Live OS')
note: Emplaced /Users/xu/Library/Developer/Xcode/DerivedData/Live_OS-bpdrmnbaeqxonhfroudnbsusxhji/Build/Products/Debug-iphonesimulator/Live OS.app/AppIcon60x60@2x.png (in target 'Live OS' from project 'Live OS')
note: Emplaced /Users/xu/Library/Developer/Xcode/DerivedData/Live_OS-bpdrmnbaeqxonhfroudnbsusxhji/Build/Products/Debug-iphonesimulator/Live OS.app/Assets.car (in target 'Live OS' from project 'Live OS')

SwiftDriver Live\ OS normal x86_64 com.apple.xcode.tools.swift.compiler (in target 'Live OS' from project 'Live OS')
    cd /Users/xu/Documents/bililive-ios/Live\ OS
    builtin-SwiftDriver -- /Applications/Xcode.app/Contents/Developer/Toolchains/XcodeDefault.xctoolchain/usr/bin/swiftc -module-name Live_OS -Onone @/Users/xu/Library/Developer/Xcode/DerivedData/Live_OS-bpdrmnbaeqxonhfroudnbsusxhji/Build/Intermediates.noindex/Live\ OS.build/Debug-iphonesimulator/Live\ OS.build/Objects-normal/x86_64/Live\ OS.SwiftFileList -DDEBUG -default-isolation\=MainActor -enable-bare-slash-regex -enable-upcoming-feature DisableOutwardActorInference -enable-upcoming-feature InferSendableFromCaptures -enable-upcoming-feature GlobalActorIsolatedTypesUsability -enable-upcoming-feature MemberImportVisibility -enable-upcoming-feature InferIsolatedConformances -enable-upcoming-feature NonisolatedNonsendingByDefault -enable-experimental-feature DebugDescriptionMacro -sdk /Applications/Xcode.app/Contents/Developer/Platforms/iPhoneSimulator.platform/Developer/SDKs/iPhoneSimulator26.4.sdk -target x86_64-apple-ios17.0-simulator -g -module-cache-path /Users/xu/Library/Developer/Xcode/DerivedData/ModuleCache.noindex -Xfrontend -serialize-debugging-options -enable-testing -index-store-path /Users/xu/Library/Developer/Xcode/DerivedData/Live_OS-bpdrmnbaeqxonhfroudnbsusxhji/Index.noindex/DataStore -Xcc -D_LIBCPP_HARDENING_MODE\=_LIBCPP_HARDENING_MODE_DEBUG -swift-version 5 -I /Users/xu/Library/Developer/Xcode/DerivedData/Live_OS-bpdrmnbaeqxonhfroudnbsusxhji/Build/Products/Debug-iphonesimulator -F /Users/xu/Library/Developer/Xcode/DerivedData/Live_OS-bpdrmnbaeqxonhfroudnbsusxhji/Build/Products/Debug-iphonesimulator/PackageFrameworks -F /Users/xu/Library/Developer/Xcode/DerivedData/Live_OS-bpdrmnbaeqxonhfroudnbsusxhji/Build/Products/Debug-iphonesimulator/PackageFrameworks -F /Users/xu/Library/Developer/Xcode/DerivedData/Live_OS-bpdrmnbaeqxonhfroudnbsusxhji/Build/Products/Debug-iphonesimulator/PackageFrameworks -F /Users/xu/Library/Developer/Xcode/DerivedData/Live_OS-bpdrmnbaeqxonhfroudnbsusxhji/Build/Products/Debug-iphonesimulator/PackageFrameworks -F /Users/xu/Library/Developer/Xcode/DerivedData/Live_OS-bpdrmnbaeqxonhfroudnbsusxhji/Build/Products/Debug-iphonesimulator/PackageFrameworks -F /Users/xu/Library/Developer/Xcode/DerivedData/Live_OS-bpdrmnbaeqxonhfroudnbsusxhji/Build/Products/Debug-iphonesimulator/PackageFrameworks -F /Users/xu/Library/Developer/Xcode/DerivedData/Live_OS-bpdrmnbaeqxonhfroudnbsusxhji/Build/Products/Debug-iphonesimulator -emit-localized-strings -emit-localized-strings-path /Users/xu/Library/Developer/Xcode/DerivedData/Live_OS-bpdrmnbaeqxonhfroudnbsusxhji/Build/Intermediates.noindex/Live\ OS.build/Debug-iphonesimulator/Live\ OS.build/Objects-normal/x86_64 -c -j10 -enable-batch-mode -incremental -Xcc -ivfsstatcache -Xcc /Users/xu/Library/Developer/Xcode/DerivedData/SDKStatCaches.noindex/iphonesimulator26.4-23E252-686eebb5dc1d8ecb277353a59184f4aa.sdkstatcache -output-file-map /Users/xu/Library/Developer/Xcode/DerivedData/Live_OS-bpdrmnbaeqxonhfroudnbsusxhji/Build/Intermediates.noindex/Live\ OS.build/Debug-iphonesimulator/Live\ OS.build/Objects-normal/x86_64/Live\ OS-OutputFileMap.json -use-frontend-parseable-output -save-temps -no-color-diagnostics -explicit-module-build -module-cache-path /Users/xu/Library/Developer/Xcode/DerivedData/Live_OS-bpdrmnbaeqxonhfroudnbsusxhji/Build/Intermediates.noindex/SwiftExplicitPrecompiledModules -clang-scanner-module-cache-path /Users/xu/Library/Developer/Xcode/DerivedData/ModuleCache.noindex -sdk-module-cache-path /Users/xu/Library/Developer/Xcode/DerivedData/ModuleCache.noindex -serialize-diagnostics -emit-dependencies -emit-module -emit-module-path /Users/xu/Library/Developer/Xcode/DerivedData/Live_OS-bpdrmnbaeqxonhfroudnbsusxhji/Build/Intermediates.noindex/Live\ OS.build/Debug-iphonesimulator/Live\ OS.build/Objects-normal/x86_64/Live_OS.swiftmodule -validate-clang-modules-once -clang-build-session-file /Users/xu/Library/Developer/Xcode/DerivedData/ModuleCache.noindex/Session.modulevalidation -Xcc -I/Users/xu/Library/Developer/Xcode/DerivedData/Live_OS-bpdrmnbaeqxonhfroudnbsusxhji/Build/Intermediates.noindex/Live\ OS.build/Debug-iphonesimulator/Live\ OS.build/swift-overrides.hmap -emit-const-values -Xfrontend -const-gather-protocols-file -Xfrontend /Users/xu/Library/Developer/Xcode/DerivedData/Live_OS-bpdrmnbaeqxonhfroudnbsusxhji/Build/Intermediates.noindex/Live\ OS.build/Debug-iphonesimulator/Live\ OS.build/Objects-normal/x86_64/Live\ OS_const_extract_protocols.json -Xcc -iquote -Xcc /Users/xu/Library/Developer/Xcode/DerivedData/Live_OS-bpdrmnbaeqxonhfroudnbsusxhji/Build/Intermediates.noindex/Live\ OS.build/Debug-iphonesimulator/Live\ OS.build/Live\ OS-generated-files.hmap -Xcc -I/Users/xu/Library/Developer/Xcode/DerivedData/Live_OS-bpdrmnbaeqxonhfroudnbsusxhji/Build/Intermediates.noindex/Live\ OS.build/Debug-iphonesimulator/Live\ OS.build/Live\ OS-own-target-headers.hmap -Xcc -I/Users/xu/Library/Developer/Xcode/DerivedData/Live_OS-bpdrmnbaeqxonhfroudnbsusxhji/Build/Intermediates.noindex/Live\ OS.build/Debug-iphonesimulator/Live\ OS.build/Live\ OS-all-non-framework-target-headers.hmap -Xcc -ivfsoverlay -Xcc /Users/xu/Library/Developer/Xcode/DerivedData/Live_OS-bpdrmnbaeqxonhfroudnbsusxhji/Build/Intermediates.noindex/Live\ OS.build/Debug-iphonesimulator/Live\ OS-a2c002790c65de46a4853921c7b06e20-VFS-iphonesimulator/all-product-headers.yaml -Xcc -iquote -Xcc /Users/xu/Library/Developer/Xcode/DerivedData/Live_OS-bpdrmnbaeqxonhfroudnbsusxhji/Build/Intermediates.noindex/Live\ OS.build/Debug-iphonesimulator/Live\ OS.build/Live\ OS-project-headers.hmap -Xcc -I/Users/xu/Library/Developer/Xcode/DerivedData/Live_OS-bpdrmnbaeqxonhfroudnbsusxhji/Build/Products/Debug-iphonesimulator/include -Xcc -I/Users/xu/Library/Developer/Xcode/DerivedData/Live_OS-bpdrmnbaeqxonhfroudnbsusxhji/Build/Intermediates.noindex/Live\ OS.build/Debug-iphonesimulator/Live\ OS.build/DerivedSources-normal/x86_64 -Xcc -I/Users/xu/Library/Developer/Xcode/DerivedData/Live_OS-bpdrmnbaeqxonhfroudnbsusxhji/Build/Intermediates.noindex/Live\ OS.build/Debug-iphonesimulator/Live\ OS.build/DerivedSources/x86_64 -Xcc -I/Users/xu/Library/Developer/Xcode/DerivedData/Live_OS-bpdrmnbaeqxonhfroudnbsusxhji/Build/Intermediates.noindex/Live\ OS.build/Debug-iphonesimulator/Live\ OS.build/DerivedSources -Xcc -DDEBUG\=1 -emit-objc-header -emit-objc-header-path /Users/xu/Library/Developer/Xcode/DerivedData/Live_OS-bpdrmnbaeqxonhfroudnbsusxhji/Build/Intermediates.noindex/Live\ OS.build/Debug-iphonesimulator/Live\ OS.build/Objects-normal/x86_64/Live_OS-Swift.h -working-directory /Users/xu/Documents/bililive-ios/Live\ OS -experimental-emit-module-separately -disable-cmo

SwiftDriver Live\ OS normal arm64 com.apple.xcode.tools.swift.compiler (in target 'Live OS' from project 'Live OS')
    cd /Users/xu/Documents/bililive-ios/Live\ OS
    builtin-SwiftDriver -- /Applications/Xcode.app/Contents/Developer/Toolchains/XcodeDefault.xctoolchain/usr/bin/swiftc -module-name Live_OS -Onone @/Users/xu/Library/Developer/Xcode/DerivedData/Live_OS-bpdrmnbaeqxonhfroudnbsusxhji/Build/Intermediates.noindex/Live\ OS.build/Debug-iphonesimulator/Live\ OS.build/Objects-normal/arm64/Live\ OS.SwiftFileList -DDEBUG -default-isolation\=MainActor -enable-bare-slash-regex -enable-upcoming-feature DisableOutwardActorInference -enable-upcoming-feature InferSendableFromCaptures -enable-upcoming-feature GlobalActorIsolatedTypesUsability -enable-upcoming-feature MemberImportVisibility -enable-upcoming-feature InferIsolatedConformances -enable-upcoming-feature NonisolatedNonsendingByDefault -enable-experimental-feature DebugDescriptionMacro -sdk /Applications/Xcode.app/Contents/Developer/Platforms/iPhoneSimulator.platform/Developer/SDKs/iPhoneSimulator26.4.sdk -target arm64-apple-ios17.0-simulator -g -module-cache-path /Users/xu/Library/Developer/Xcode/DerivedData/ModuleCache.noindex -Xfrontend -serialize-debugging-options -enable-testing -index-store-path /Users/xu/Library/Developer/Xcode/DerivedData/Live_OS-bpdrmnbaeqxonhfroudnbsusxhji/Index.noindex/DataStore -Xcc -D_LIBCPP_HARDENING_MODE\=_LIBCPP_HARDENING_MODE_DEBUG -swift-version 5 -I /Users/xu/Library/Developer/Xcode/DerivedData/Live_OS-bpdrmnbaeqxonhfroudnbsusxhji/Build/Products/Debug-iphonesimulator -F /Users/xu/Library/Developer/Xcode/DerivedData/Live_OS-bpdrmnbaeqxonhfroudnbsusxhji/Build/Products/Debug-iphonesimulator/PackageFrameworks -F /Users/xu/Library/Developer/Xcode/DerivedData/Live_OS-bpdrmnbaeqxonhfroudnbsusxhji/Build/Products/Debug-iphonesimulator/PackageFrameworks -F /Users/xu/Library/Developer/Xcode/DerivedData/Live_OS-bpdrmnbaeqxonhfroudnbsusxhji/Build/Products/Debug-iphonesimulator/PackageFrameworks -F /Users/xu/Library/Developer/Xcode/DerivedData/Live_OS-bpdrmnbaeqxonhfroudnbsusxhji/Build/Products/Debug-iphonesimulator/PackageFrameworks -F /Users/xu/Library/Developer/Xcode/DerivedData/Live_OS-bpdrmnbaeqxonhfroudnbsusxhji/Build/Products/Debug-iphonesimulator/PackageFrameworks -F /Users/xu/Library/Developer/Xcode/DerivedData/Live_OS-bpdrmnbaeqxonhfroudnbsusxhji/Build/Products/Debug-iphonesimulator/PackageFrameworks -F /Users/xu/Library/Developer/Xcode/DerivedData/Live_OS-bpdrmnbaeqxonhfroudnbsusxhji/Build/Products/Debug-iphonesimulator -emit-localized-strings -emit-localized-strings-path /Users/xu/Library/Developer/Xcode/DerivedData/Live_OS-bpdrmnbaeqxonhfroudnbsusxhji/Build/Intermediates.noindex/Live\ OS.build/Debug-iphonesimulator/Live\ OS.build/Objects-normal/arm64 -c -j10 -enable-batch-mode -incremental -Xcc -ivfsstatcache -Xcc /Users/xu/Library/Developer/Xcode/DerivedData/SDKStatCaches.noindex/iphonesimulator26.4-23E252-686eebb5dc1d8ecb277353a59184f4aa.sdkstatcache -output-file-map /Users/xu/Library/Developer/Xcode/DerivedData/Live_OS-bpdrmnbaeqxonhfroudnbsusxhji/Build/Intermediates.noindex/Live\ OS.build/Debug-iphonesimulator/Live\ OS.build/Objects-normal/arm64/Live\ OS-OutputFileMap.json -use-frontend-parseable-output -save-temps -no-color-diagnostics -explicit-module-build -module-cache-path /Users/xu/Library/Developer/Xcode/DerivedData/Live_OS-bpdrmnbaeqxonhfroudnbsusxhji/Build/Intermediates.noindex/SwiftExplicitPrecompiledModules -clang-scanner-module-cache-path /Users/xu/Library/Developer/Xcode/DerivedData/ModuleCache.noindex -sdk-module-cache-path /Users/xu/Library/Developer/Xcode/DerivedData/ModuleCache.noindex -serialize-diagnostics -emit-dependencies -emit-module -emit-module-path /Users/xu/Library/Developer/Xcode/DerivedData/Live_OS-bpdrmnbaeqxonhfroudnbsusxhji/Build/Intermediates.noindex/Live\ OS.build/Debug-iphonesimulator/Live\ OS.build/Objects-normal/arm64/Live_OS.swiftmodule -validate-clang-modules-once -clang-build-session-file /Users/xu/Library/Developer/Xcode/DerivedData/ModuleCache.noindex/Session.modulevalidation -Xcc -I/Users/xu/Library/Developer/Xcode/DerivedData/Live_OS-bpdrmnbaeqxonhfroudnbsusxhji/Build/Intermediates.noindex/Live\ OS.build/Debug-iphonesimulator/Live\ OS.build/swift-overrides.hmap -emit-const-values -Xfrontend -const-gather-protocols-file -Xfrontend /Users/xu/Library/Developer/Xcode/DerivedData/Live_OS-bpdrmnbaeqxonhfroudnbsusxhji/Build/Intermediates.noindex/Live\ OS.build/Debug-iphonesimulator/Live\ OS.build/Objects-normal/arm64/Live\ OS_const_extract_protocols.json -Xcc -iquote -Xcc /Users/xu/Library/Developer/Xcode/DerivedData/Live_OS-bpdrmnbaeqxonhfroudnbsusxhji/Build/Intermediates.noindex/Live\ OS.build/Debug-iphonesimulator/Live\ OS.build/Live\ OS-generated-files.hmap -Xcc -I/Users/xu/Library/Developer/Xcode/DerivedData/Live_OS-bpdrmnbaeqxonhfroudnbsusxhji/Build/Intermediates.noindex/Live\ OS.build/Debug-iphonesimulator/Live\ OS.build/Live\ OS-own-target-headers.hmap -Xcc -I/Users/xu/Library/Developer/Xcode/DerivedData/Live_OS-bpdrmnbaeqxonhfroudnbsusxhji/Build/Intermediates.noindex/Live\ OS.build/Debug-iphonesimulator/Live\ OS.build/Live\ OS-all-non-framework-target-headers.hmap -Xcc -ivfsoverlay -Xcc /Users/xu/Library/Developer/Xcode/DerivedData/Live_OS-bpdrmnbaeqxonhfroudnbsusxhji/Build/Intermediates.noindex/Live\ OS.build/Debug-iphonesimulator/Live\ OS-a2c002790c65de46a4853921c7b06e20-VFS-iphonesimulator/all-product-headers.yaml -Xcc -iquote -Xcc /Users/xu/Library/Developer/Xcode/DerivedData/Live_OS-bpdrmnbaeqxonhfroudnbsusxhji/Build/Intermediates.noindex/Live\ OS.build/Debug-iphonesimulator/Live\ OS.build/Live\ OS-project-headers.hmap -Xcc -I/Users/xu/Library/Developer/Xcode/DerivedData/Live_OS-bpdrmnbaeqxonhfroudnbsusxhji/Build/Products/Debug-iphonesimulator/include -Xcc -I/Users/xu/Library/Developer/Xcode/DerivedData/Live_OS-bpdrmnbaeqxonhfroudnbsusxhji/Build/Intermediates.noindex/Live\ OS.build/Debug-iphonesimulator/Live\ OS.build/DerivedSources-normal/arm64 -Xcc -I/Users/xu/Library/Developer/Xcode/DerivedData/Live_OS-bpdrmnbaeqxonhfroudnbsusxhji/Build/Intermediates.noindex/Live\ OS.build/Debug-iphonesimulator/Live\ OS.build/DerivedSources/arm64 -Xcc -I/Users/xu/Library/Developer/Xcode/DerivedData/Live_OS-bpdrmnbaeqxonhfroudnbsusxhji/Build/Intermediates.noindex/Live\ OS.build/Debug-iphonesimulator/Live\ OS.build/DerivedSources -Xcc -DDEBUG\=1 -emit-objc-header -emit-objc-header-path /Users/xu/Library/Developer/Xcode/DerivedData/Live_OS-bpdrmnbaeqxonhfroudnbsusxhji/Build/Intermediates.noindex/Live\ OS.build/Debug-iphonesimulator/Live\ OS.build/Objects-normal/arm64/Live_OS-Swift.h -working-directory /Users/xu/Documents/bililive-ios/Live\ OS -experimental-emit-module-separately -disable-cmo

Copy /Users/xu/Library/Developer/Xcode/DerivedData/Live_OS-bpdrmnbaeqxonhfroudnbsusxhji/Build/Products/Debug-iphonesimulator/Live\ OS.app/Pillarbox_PillarboxPlayer.bundle /Users/xu/Library/Developer/Xcode/DerivedData/Live_OS-bpdrmnbaeqxonhfroudnbsusxhji/Build/Products/Debug-iphonesimulator/Pillarbox_PillarboxPlayer.bundle (in target 'Live OS' from project 'Live OS')
    cd /Users/xu/Documents/bililive-ios/Live\ OS
    builtin-copy -exclude .DS_Store -exclude CVS -exclude .svn -exclude .git -exclude .hg -resolve-src-symlinks /Users/xu/Library/Developer/Xcode/DerivedData/Live_OS-bpdrmnbaeqxonhfroudnbsusxhji/Build/Products/Debug-iphonesimulator/Pillarbox_PillarboxPlayer.bundle /Users/xu/Library/Developer/Xcode/DerivedData/Live_OS-bpdrmnbaeqxonhfroudnbsusxhji/Build/Products/Debug-iphonesimulator/Live\ OS.app

ProcessInfoPlistFile /Users/xu/Library/Developer/Xcode/DerivedData/Live_OS-bpdrmnbaeqxonhfroudnbsusxhji/Build/Products/Debug-iphonesimulator/Live\ OS.app/Info.plist /Users/xu/Documents/bililive-ios/Live\ OS/Live-OS-Info.plist (in target 'Live OS' from project 'Live OS')
    cd /Users/xu/Documents/bililive-ios/Live\ OS
    builtin-infoPlistUtility /Users/xu/Documents/bililive-ios/Live\ OS/Live-OS-Info.plist -producttype com.apple.product-type.application -genpkginfo /Users/xu/Library/Developer/Xcode/DerivedData/Live_OS-bpdrmnbaeqxonhfroudnbsusxhji/Build/Products/Debug-iphonesimulator/Live\ OS.app/PkgInfo -expandbuildsettings -format binary -platform iphonesimulator -additionalcontentfile /Users/xu/Library/Developer/Xcode/DerivedData/Live_OS-bpdrmnbaeqxonhfroudnbsusxhji/Build/Intermediates.noindex/Live\ OS.build/Debug-iphonesimulator/Live\ OS.build/assetcatalog_generated_info.plist -scanforprivacyfile /Users/xu/Library/Developer/Xcode/DerivedData/Live_OS-bpdrmnbaeqxonhfroudnbsusxhji/Build/Products/Debug-iphonesimulator/Live\ OS.app/Pillarbox_PillarboxPlayer.bundle -o /Users/xu/Library/Developer/Xcode/DerivedData/Live_OS-bpdrmnbaeqxonhfroudnbsusxhji/Build/Products/Debug-iphonesimulator/Live\ OS.app/Info.plist

SwiftEmitModule normal x86_64 Emitting\ module\ for\ Live_OS (in target 'Live OS' from project 'Live OS')

EmitSwiftModule normal x86_64 (in target 'Live OS' from project 'Live OS')
    cd /Users/xu/Documents/bililive-ios/Live\ OS
    

SwiftEmitModule normal arm64 Emitting\ module\ for\ Live_OS (in target 'Live OS' from project 'Live OS')
EmitSwiftModule normal arm64 (in target 'Live OS' from project 'Live OS')
    cd /Users/xu/Documents/bililive-ios/Live\ OS
    

SwiftCompile normal x86_64 Compiling\ GeneratedAssetSymbols.swift /Users/xu/Library/Developer/Xcode/DerivedData/Live_OS-bpdrmnbaeqxonhfroudnbsusxhji/Build/Intermediates.noindex/Live\ OS.build/Debug-iphonesimulator/Live\ OS.build/DerivedSources/GeneratedAssetSymbols.swift (in target 'Live OS' from project 'Live OS')

SwiftCompile normal x86_64 /Users/xu/Library/Developer/Xcode/DerivedData/Live_OS-bpdrmnbaeqxonhfroudnbsusxhji/Build/Intermediates.noindex/Live\ OS.build/Debug-iphonesimulator/Live\ OS.build/DerivedSources/GeneratedAssetSymbols.swift (in target 'Live OS' from project 'Live OS')
    cd /Users/xu/Documents/bililive-ios/Live\ OS
    

SwiftCompile normal arm64 Compiling\ PlayerView.swift /Users/xu/Documents/bililive-ios/Live\ OS/Live\ OS/Views/PlayerView.swift (in target 'Live OS' from project 'Live OS')
SwiftCompile normal arm64 /Users/xu/Documents/bililive-ios/Live\ OS/Live\ OS/Views/PlayerView.swift (in target 'Live OS' from project 'Live OS')
    cd /Users/xu/Documents/bililive-ios/Live\ OS
    

SwiftCompile normal arm64 Compiling\ GeneratedAssetSymbols.swift /Users/xu/Library/Developer/Xcode/DerivedData/Live_OS-bpdrmnbaeqxonhfroudnbsusxhji/Build/Intermediates.noindex/Live\ OS.build/Debug-iphonesimulator/Live\ OS.build/DerivedSources/GeneratedAssetSymbols.swift (in target 'Live OS' from project 'Live OS')

SwiftCompile normal arm64 /Users/xu/Library/Developer/Xcode/DerivedData/Live_OS-bpdrmnbaeqxonhfroudnbsusxhji/Build/Intermediates.noindex/Live\ OS.build/Debug-iphonesimulator/Live\ OS.build/DerivedSources/GeneratedAssetSymbols.swift (in target 'Live OS' from project 'Live OS')
    cd /Users/xu/Documents/bililive-ios/Live\ OS
    

SwiftCompile normal x86_64 Compiling\ PlayerView.swift /Users/xu/Documents/bililive-ios/Live\ OS/Live\ OS/Views/PlayerView.swift (in target 'Live OS' from project 'Live OS')
SwiftCompile normal x86_64 /Users/xu/Documents/bililive-ios/Live\ OS/Live\ OS/Views/PlayerView.swift (in target 'Live OS' from project 'Live OS')
    cd /Users/xu/Documents/bililive-ios/Live\ OS
    

SwiftDriverJobDiscovery normal x86_64 Compiling GeneratedAssetSymbols.swift (in target 'Live OS' from project 'Live OS')

SwiftDriverJobDiscovery normal arm64 Compiling GeneratedAssetSymbols.swift (in target 'Live OS' from project 'Live OS')

SwiftDriverJobDiscovery normal x86_64 Emitting module for Live_OS (in target 'Live OS' from project 'Live OS')

SwiftDriver\ Compilation\ Requirements Live\ OS normal x86_64 com.apple.xcode.tools.swift.compiler (in target 'Live OS' from project 'Live OS')
    cd /Users/xu/Documents/bililive-ios/Live\ OS
    builtin-Swift-Compilation-Requirements -- /Applications/Xcode.app/Contents/Developer/Toolchains/XcodeDefault.xctoolchain/usr/bin/swiftc -module-name Live_OS -Onone @/Users/xu/Library/Developer/Xcode/DerivedData/Live_OS-bpdrmnbaeqxonhfroudnbsusxhji/Build/Intermediates.noindex/Live\ OS.build/Debug-iphonesimulator/Live\ OS.build/Objects-normal/x86_64/Live\ OS.SwiftFileList -DDEBUG -default-isolation\=MainActor -enable-bare-slash-regex -enable-upcoming-feature DisableOutwardActorInference -enable-upcoming-feature InferSendableFromCaptures -enable-upcoming-feature GlobalActorIsolatedTypesUsability -enable-upcoming-feature MemberImportVisibility -enable-upcoming-feature InferIsolatedConformances -enable-upcoming-feature NonisolatedNonsendingByDefault -enable-experimental-feature DebugDescriptionMacro -sdk /Applications/Xcode.app/Contents/Developer/Platforms/iPhoneSimulator.platform/Developer/SDKs/iPhoneSimulator26.4.sdk -target x86_64-apple-ios17.0-simulator -g -module-cache-path /Users/xu/Library/Developer/Xcode/DerivedData/ModuleCache.noindex -Xfrontend -serialize-debugging-options -enable-testing -index-store-path /Users/xu/Library/Developer/Xcode/DerivedData/Live_OS-bpdrmnbaeqxonhfroudnbsusxhji/Index.noindex/DataStore -Xcc -D_LIBCPP_HARDENING_MODE\=_LIBCPP_HARDENING_MODE_DEBUG -swift-version 5 -I /Users/xu/Library/Developer/Xcode/DerivedData/Live_OS-bpdrmnbaeqxonhfroudnbsusxhji/Build/Products/Debug-iphonesimulator -F /Users/xu/Library/Developer/Xcode/DerivedData/Live_OS-bpdrmnbaeqxonhfroudnbsusxhji/Build/Products/Debug-iphonesimulator/PackageFrameworks -F /Users/xu/Library/Developer/Xcode/DerivedData/Live_OS-bpdrmnbaeqxonhfroudnbsusxhji/Build/Products/Debug-iphonesimulator/PackageFrameworks -F /Users/xu/Library/Developer/Xcode/DerivedData/Live_OS-bpdrmnbaeqxonhfroudnbsusxhji/Build/Products/Debug-iphonesimulator/PackageFrameworks -F /Users/xu/Library/Developer/Xcode/DerivedData/Live_OS-bpdrmnbaeqxonhfroudnbsusxhji/Build/Products/Debug-iphonesimulator/PackageFrameworks -F /Users/xu/Library/Developer/Xcode/DerivedData/Live_OS-bpdrmnbaeqxonhfroudnbsusxhji/Build/Products/Debug-iphonesimulator/PackageFrameworks -F /Users/xu/Library/Developer/Xcode/DerivedData/Live_OS-bpdrmnbaeqxonhfroudnbsusxhji/Build/Products/Debug-iphonesimulator/PackageFrameworks -F /Users/xu/Library/Developer/Xcode/DerivedData/Live_OS-bpdrmnbaeqxonhfroudnbsusxhji/Build/Products/Debug-iphonesimulator -emit-localized-strings -emit-localized-strings-path /Users/xu/Library/Developer/Xcode/DerivedData/Live_OS-bpdrmnbaeqxonhfroudnbsusxhji/Build/Intermediates.noindex/Live\ OS.build/Debug-iphonesimulator/Live\ OS.build/Objects-normal/x86_64 -c -j10 -enable-batch-mode -incremental -Xcc -ivfsstatcache -Xcc /Users/xu/Library/Developer/Xcode/DerivedData/SDKStatCaches.noindex/iphonesimulator26.4-23E252-686eebb5dc1d8ecb277353a59184f4aa.sdkstatcache -output-file-map /Users/xu/Library/Developer/Xcode/DerivedData/Live_OS-bpdrmnbaeqxonhfroudnbsusxhji/Build/Intermediates.noindex/Live\ OS.build/Debug-iphonesimulator/Live\ OS.build/Objects-normal/x86_64/Live\ OS-OutputFileMap.json -use-frontend-parseable-output -save-temps -no-color-diagnostics -explicit-module-build -module-cache-path /Users/xu/Library/Developer/Xcode/DerivedData/Live_OS-bpdrmnbaeqxonhfroudnbsusxhji/Build/Intermediates.noindex/SwiftExplicitPrecompiledModules -clang-scanner-module-cache-path /Users/xu/Library/Developer/Xcode/DerivedData/ModuleCache.noindex -sdk-module-cache-path /Users/xu/Library/Developer/Xcode/DerivedData/ModuleCache.noindex -serialize-diagnostics -emit-dependencies -emit-module -emit-module-path /Users/xu/Library/Developer/Xcode/DerivedData/Live_OS-bpdrmnbaeqxonhfroudnbsusxhji/Build/Intermediates.noindex/Live\ OS.build/Debug-iphonesimulator/Live\ OS.build/Objects-normal/x86_64/Live_OS.swiftmodule -validate-clang-modules-once -clang-build-session-file /Users/xu/Library/Developer/Xcode/DerivedData/ModuleCache.noindex/Session.modulevalidation -Xcc -I/Users/xu/Library/Developer/Xcode/DerivedData/Live_OS-bpdrmnbaeqxonhfroudnbsusxhji/Build/Intermediates.noindex/Live\ OS.build/Debug-iphonesimulator/Live\ OS.build/swift-overrides.hmap -emit-const-values -Xfrontend -const-gather-protocols-file -Xfrontend /Users/xu/Library/Developer/Xcode/DerivedData/Live_OS-bpdrmnbaeqxonhfroudnbsusxhji/Build/Intermediates.noindex/Live\ OS.build/Debug-iphonesimulator/Live\ OS.build/Objects-normal/x86_64/Live\ OS_const_extract_protocols.json -Xcc -iquote -Xcc /Users/xu/Library/Developer/Xcode/DerivedData/Live_OS-bpdrmnbaeqxonhfroudnbsusxhji/Build/Intermediates.noindex/Live\ OS.build/Debug-iphonesimulator/Live\ OS.build/Live\ OS-generated-files.hmap -Xcc -I/Users/xu/Library/Developer/Xcode/DerivedData/Live_OS-bpdrmnbaeqxonhfroudnbsusxhji/Build/Intermediates.noindex/Live\ OS.build/Debug-iphonesimulator/Live\ OS.build/Live\ OS-own-target-headers.hmap -Xcc -I/Users/xu/Library/Developer/Xcode/DerivedData/Live_OS-bpdrmnbaeqxonhfroudnbsusxhji/Build/Intermediates.noindex/Live\ OS.build/Debug-iphonesimulator/Live\ OS.build/Live\ OS-all-non-framework-target-headers.hmap -Xcc -ivfsoverlay -Xcc /Users/xu/Library/Developer/Xcode/DerivedData/Live_OS-bpdrmnbaeqxonhfroudnbsusxhji/Build/Intermediates.noindex/Live\ OS.build/Debug-iphonesimulator/Live\ OS-a2c002790c65de46a4853921c7b06e20-VFS-iphonesimulator/all-product-headers.yaml -Xcc -iquote -Xcc /Users/xu/Library/Developer/Xcode/DerivedData/Live_OS-bpdrmnbaeqxonhfroudnbsusxhji/Build/Intermediates.noindex/Live\ OS.build/Debug-iphonesimulator/Live\ OS.build/Live\ OS-project-headers.hmap -Xcc -I/Users/xu/Library/Developer/Xcode/DerivedData/Live_OS-bpdrmnbaeqxonhfroudnbsusxhji/Build/Products/Debug-iphonesimulator/include -Xcc -I/Users/xu/Library/Developer/Xcode/DerivedData/Live_OS-bpdrmnbaeqxonhfroudnbsusxhji/Build/Intermediates.noindex/Live\ OS.build/Debug-iphonesimulator/Live\ OS.build/DerivedSources-normal/x86_64 -Xcc -I/Users/xu/Library/Developer/Xcode/DerivedData/Live_OS-bpdrmnbaeqxonhfroudnbsusxhji/Build/Intermediates.noindex/Live\ OS.build/Debug-iphonesimulator/Live\ OS.build/DerivedSources/x86_64 -Xcc -I/Users/xu/Library/Developer/Xcode/DerivedData/Live_OS-bpdrmnbaeqxonhfroudnbsusxhji/Build/Intermediates.noindex/Live\ OS.build/Debug-iphonesimulator/Live\ OS.build/DerivedSources -Xcc -DDEBUG\=1 -emit-objc-header -emit-objc-header-path /Users/xu/Library/Developer/Xcode/DerivedData/Live_OS-bpdrmnbaeqxonhfroudnbsusxhji/Build/Intermediates.noindex/Live\ OS.build/Debug-iphonesimulator/Live\ OS.build/Objects-normal/x86_64/Live_OS-Swift.h -working-directory /Users/xu/Documents/bililive-ios/Live\ OS -experimental-emit-module-separately -disable-cmo

SwiftDriverJobDiscovery normal arm64 Emitting module for Live_OS (in target 'Live OS' from project 'Live OS')

SwiftDriver\ Compilation\ Requirements Live\ OS normal arm64 com.apple.xcode.tools.swift.compiler (in target 'Live OS' from project 'Live OS')
    cd /Users/xu/Documents/bililive-ios/Live\ OS
    builtin-Swift-Compilation-Requirements -- /Applications/Xcode.app/Contents/Developer/Toolchains/XcodeDefault.xctoolchain/usr/bin/swiftc -module-name Live_OS -Onone @/Users/xu/Library/Developer/Xcode/DerivedData/Live_OS-bpdrmnbaeqxonhfroudnbsusxhji/Build/Intermediates.noindex/Live\ OS.build/Debug-iphonesimulator/Live\ OS.build/Objects-normal/arm64/Live\ OS.SwiftFileList -DDEBUG -default-isolation\=MainActor -enable-bare-slash-regex -enable-upcoming-feature DisableOutwardActorInference -enable-upcoming-feature InferSendableFromCaptures -enable-upcoming-feature GlobalActorIsolatedTypesUsability -enable-upcoming-feature MemberImportVisibility -enable-upcoming-feature InferIsolatedConformances -enable-upcoming-feature NonisolatedNonsendingByDefault -enable-experimental-feature DebugDescriptionMacro -sdk /Applications/Xcode.app/Contents/Developer/Platforms/iPhoneSimulator.platform/Developer/SDKs/iPhoneSimulator26.4.sdk -target arm64-apple-ios17.0-simulator -g -module-cache-path /Users/xu/Library/Developer/Xcode/DerivedData/ModuleCache.noindex -Xfrontend -serialize-debugging-options -enable-testing -index-store-path /Users/xu/Library/Developer/Xcode/DerivedData/Live_OS-bpdrmnbaeqxonhfroudnbsusxhji/Index.noindex/DataStore -Xcc -D_LIBCPP_HARDENING_MODE\=_LIBCPP_HARDENING_MODE_DEBUG -swift-version 5 -I /Users/xu/Library/Developer/Xcode/DerivedData/Live_OS-bpdrmnbaeqxonhfroudnbsusxhji/Build/Products/Debug-iphonesimulator -F /Users/xu/Library/Developer/Xcode/DerivedData/Live_OS-bpdrmnbaeqxonhfroudnbsusxhji/Build/Products/Debug-iphonesimulator/PackageFrameworks -F /Users/xu/Library/Developer/Xcode/DerivedData/Live_OS-bpdrmnbaeqxonhfroudnbsusxhji/Build/Products/Debug-iphonesimulator/PackageFrameworks -F /Users/xu/Library/Developer/Xcode/DerivedData/Live_OS-bpdrmnbaeqxonhfroudnbsusxhji/Build/Products/Debug-iphonesimulator/PackageFrameworks -F /Users/xu/Library/Developer/Xcode/DerivedData/Live_OS-bpdrmnbaeqxonhfroudnbsusxhji/Build/Products/Debug-iphonesimulator/PackageFrameworks -F /Users/xu/Library/Developer/Xcode/DerivedData/Live_OS-bpdrmnbaeqxonhfroudnbsusxhji/Build/Products/Debug-iphonesimulator/PackageFrameworks -F /Users/xu/Library/Developer/Xcode/DerivedData/Live_OS-bpdrmnbaeqxonhfroudnbsusxhji/Build/Products/Debug-iphonesimulator/PackageFrameworks -F /Users/xu/Library/Developer/Xcode/DerivedData/Live_OS-bpdrmnbaeqxonhfroudnbsusxhji/Build/Products/Debug-iphonesimulator -emit-localized-strings -emit-localized-strings-path /Users/xu/Library/Developer/Xcode/DerivedData/Live_OS-bpdrmnbaeqxonhfroudnbsusxhji/Build/Intermediates.noindex/Live\ OS.build/Debug-iphonesimulator/Live\ OS.build/Objects-normal/arm64 -c -j10 -enable-batch-mode -incremental -Xcc -ivfsstatcache -Xcc /Users/xu/Library/Developer/Xcode/DerivedData/SDKStatCaches.noindex/iphonesimulator26.4-23E252-686eebb5dc1d8ecb277353a59184f4aa.sdkstatcache -output-file-map /Users/xu/Library/Developer/Xcode/DerivedData/Live_OS-bpdrmnbaeqxonhfroudnbsusxhji/Build/Intermediates.noindex/Live\ OS.build/Debug-iphonesimulator/Live\ OS.build/Objects-normal/arm64/Live\ OS-OutputFileMap.json -use-frontend-parseable-output -save-temps -no-color-diagnostics -explicit-module-build -module-cache-path /Users/xu/Library/Developer/Xcode/DerivedData/Live_OS-bpdrmnbaeqxonhfroudnbsusxhji/Build/Intermediates.noindex/SwiftExplicitPrecompiledModules -clang-scanner-module-cache-path /Users/xu/Library/Developer/Xcode/DerivedData/ModuleCache.noindex -sdk-module-cache-path /Users/xu/Library/Developer/Xcode/DerivedData/ModuleCache.noindex -serialize-diagnostics -emit-dependencies -emit-module -emit-module-path /Users/xu/Library/Developer/Xcode/DerivedData/Live_OS-bpdrmnbaeqxonhfroudnbsusxhji/Build/Intermediates.noindex/Live\ OS.build/Debug-iphonesimulator/Live\ OS.build/Objects-normal/arm64/Live_OS.swiftmodule -validate-clang-modules-once -clang-build-session-file /Users/xu/Library/Developer/Xcode/DerivedData/ModuleCache.noindex/Session.modulevalidation -Xcc -I/Users/xu/Library/Developer/Xcode/DerivedData/Live_OS-bpdrmnbaeqxonhfroudnbsusxhji/Build/Intermediates.noindex/Live\ OS.build/Debug-iphonesimulator/Live\ OS.build/swift-overrides.hmap -emit-const-values -Xfrontend -const-gather-protocols-file -Xfrontend /Users/xu/Library/Developer/Xcode/DerivedData/Live_OS-bpdrmnbaeqxonhfroudnbsusxhji/Build/Intermediates.noindex/Live\ OS.build/Debug-iphonesimulator/Live\ OS.build/Objects-normal/arm64/Live\ OS_const_extract_protocols.json -Xcc -iquote -Xcc /Users/xu/Library/Developer/Xcode/DerivedData/Live_OS-bpdrmnbaeqxonhfroudnbsusxhji/Build/Intermediates.noindex/Live\ OS.build/Debug-iphonesimulator/Live\ OS.build/Live\ OS-generated-files.hmap -Xcc -I/Users/xu/Library/Developer/Xcode/DerivedData/Live_OS-bpdrmnbaeqxonhfroudnbsusxhji/Build/Intermediates.noindex/Live\ OS.build/Debug-iphonesimulator/Live\ OS.build/Live\ OS-own-target-headers.hmap -Xcc -I/Users/xu/Library/Developer/Xcode/DerivedData/Live_OS-bpdrmnbaeqxonhfroudnbsusxhji/Build/Intermediates.noindex/Live\ OS.build/Debug-iphonesimulator/Live\ OS.build/Live\ OS-all-non-framework-target-headers.hmap -Xcc -ivfsoverlay -Xcc /Users/xu/Library/Developer/Xcode/DerivedData/Live_OS-bpdrmnbaeqxonhfroudnbsusxhji/Build/Intermediates.noindex/Live\ OS.build/Debug-iphonesimulator/Live\ OS-a2c002790c65de46a4853921c7b06e20-VFS-iphonesimulator/all-product-headers.yaml -Xcc -iquote -Xcc /Users/xu/Library/Developer/Xcode/DerivedData/Live_OS-bpdrmnbaeqxonhfroudnbsusxhji/Build/Intermediates.noindex/Live\ OS.build/Debug-iphonesimulator/Live\ OS.build/Live\ OS-project-headers.hmap -Xcc -I/Users/xu/Library/Developer/Xcode/DerivedData/Live_OS-bpdrmnbaeqxonhfroudnbsusxhji/Build/Products/Debug-iphonesimulator/include -Xcc -I/Users/xu/Library/Developer/Xcode/DerivedData/Live_OS-bpdrmnbaeqxonhfroudnbsusxhji/Build/Intermediates.noindex/Live\ OS.build/Debug-iphonesimulator/Live\ OS.build/DerivedSources-normal/arm64 -Xcc -I/Users/xu/Library/Developer/Xcode/DerivedData/Live_OS-bpdrmnbaeqxonhfroudnbsusxhji/Build/Intermediates.noindex/Live\ OS.build/Debug-iphonesimulator/Live\ OS.build/DerivedSources/arm64 -Xcc -I/Users/xu/Library/Developer/Xcode/DerivedData/Live_OS-bpdrmnbaeqxonhfroudnbsusxhji/Build/Intermediates.noindex/Live\ OS.build/Debug-iphonesimulator/Live\ OS.build/DerivedSources -Xcc -DDEBUG\=1 -emit-objc-header -emit-objc-header-path /Users/xu/Library/Developer/Xcode/DerivedData/Live_OS-bpdrmnbaeqxonhfroudnbsusxhji/Build/Intermediates.noindex/Live\ OS.build/Debug-iphonesimulator/Live\ OS.build/Objects-normal/arm64/Live_OS-Swift.h -working-directory /Users/xu/Documents/bililive-ios/Live\ OS -experimental-emit-module-separately -disable-cmo

Copy /Users/xu/Library/Developer/Xcode/DerivedData/Live_OS-bpdrmnbaeqxonhfroudnbsusxhji/Build/Products/Debug-iphonesimulator/Live_OS.swiftmodule/Project/x86_64-apple-ios-simulator.swiftsourceinfo /Users/xu/Library/Developer/Xcode/DerivedData/Live_OS-bpdrmnbaeqxonhfroudnbsusxhji/Build/Intermediates.noindex/Live\ OS.build/Debug-iphonesimulator/Live\ OS.build/Objects-normal/x86_64/Live_OS.swiftsourceinfo (in target 'Live OS' from project 'Live OS')
    cd /Users/xu/Documents/bililive-ios/Live\ OS
    builtin-copy -exclude .DS_Store -exclude CVS -exclude .svn -exclude .git -exclude .hg -resolve-src-symlinks -rename /Users/xu/Library/Developer/Xcode/DerivedData/Live_OS-bpdrmnbaeqxonhfroudnbsusxhji/Build/Intermediates.noindex/Live\ OS.build/Debug-iphonesimulator/Live\ OS.build/Objects-normal/x86_64/Live_OS.swiftsourceinfo /Users/xu/Library/Developer/Xcode/DerivedData/Live_OS-bpdrmnbaeqxonhfroudnbsusxhji/Build/Products/Debug-iphonesimulator/Live_OS.swiftmodule/Project/x86_64-apple-ios-simulator.swiftsourceinfo

Copy /Users/xu/Library/Developer/Xcode/DerivedData/Live_OS-bpdrmnbaeqxonhfroudnbsusxhji/Build/Products/Debug-iphonesimulator/Live_OS.swiftmodule/x86_64-apple-ios-simulator.abi.json /Users/xu/Library/Developer/Xcode/DerivedData/Live_OS-bpdrmnbaeqxonhfroudnbsusxhji/Build/Intermediates.noindex/Live\ OS.build/Debug-iphonesimulator/Live\ OS.build/Objects-normal/x86_64/Live_OS.abi.json (in target 'Live OS' from project 'Live OS')
    cd /Users/xu/Documents/bililive-ios/Live\ OS
    builtin-copy -exclude .DS_Store -exclude CVS -exclude .svn -exclude .git -exclude .hg -resolve-src-symlinks -rename /Users/xu/Library/Developer/Xcode/DerivedData/Live_OS-bpdrmnbaeqxonhfroudnbsusxhji/Build/Intermediates.noindex/Live\ OS.build/Debug-iphonesimulator/Live\ OS.build/Objects-normal/x86_64/Live_OS.abi.json /Users/xu/Library/Developer/Xcode/DerivedData/Live_OS-bpdrmnbaeqxonhfroudnbsusxhji/Build/Products/Debug-iphonesimulator/Live_OS.swiftmodule/x86_64-apple-ios-simulator.abi.json

Copy /Users/xu/Library/Developer/Xcode/DerivedData/Live_OS-bpdrmnbaeqxonhfroudnbsusxhji/Build/Products/Debug-iphonesimulator/Live_OS.swiftmodule/arm64-apple-ios-simulator.abi.json /Users/xu/Library/Developer/Xcode/DerivedData/Live_OS-bpdrmnbaeqxonhfroudnbsusxhji/Build/Intermediates.noindex/Live\ OS.build/Debug-iphonesimulator/Live\ OS.build/Objects-normal/arm64/Live_OS.abi.json (in target 'Live OS' from project 'Live OS')
    cd /Users/xu/Documents/bililive-ios/Live\ OS
    builtin-copy -exclude .DS_Store -exclude CVS -exclude .svn -exclude .git -exclude .hg -resolve-src-symlinks -rename /Users/xu/Library/Developer/Xcode/DerivedData/Live_OS-bpdrmnbaeqxonhfroudnbsusxhji/Build/Intermediates.noindex/Live\ OS.build/Debug-iphonesimulator/Live\ OS.build/Objects-normal/arm64/Live_OS.abi.json /Users/xu/Library/Developer/Xcode/DerivedData/Live_OS-bpdrmnbaeqxonhfroudnbsusxhji/Build/Products/Debug-iphonesimulator/Live_OS.swiftmodule/arm64-apple-ios-simulator.abi.json

Copy /Users/xu/Library/Developer/Xcode/DerivedData/Live_OS-bpdrmnbaeqxonhfroudnbsusxhji/Build/Products/Debug-iphonesimulator/Live_OS.swiftmodule/Project/arm64-apple-ios-simulator.swiftsourceinfo /Users/xu/Library/Developer/Xcode/DerivedData/Live_OS-bpdrmnbaeqxonhfroudnbsusxhji/Build/Intermediates.noindex/Live\ OS.build/Debug-iphonesimulator/Live\ OS.build/Objects-normal/arm64/Live_OS.swiftsourceinfo (in target 'Live OS' from project 'Live OS')
    cd /Users/xu/Documents/bililive-ios/Live\ OS
    builtin-copy -exclude .DS_Store -exclude CVS -exclude .svn -exclude .git -exclude .hg -resolve-src-symlinks -rename /Users/xu/Library/Developer/Xcode/DerivedData/Live_OS-bpdrmnbaeqxonhfroudnbsusxhji/Build/Intermediates.noindex/Live\ OS.build/Debug-iphonesimulator/Live\ OS.build/Objects-normal/arm64/Live_OS.swiftsourceinfo /Users/xu/Library/Developer/Xcode/DerivedData/Live_OS-bpdrmnbaeqxonhfroudnbsusxhji/Build/Products/Debug-iphonesimulator/Live_OS.swiftmodule/Project/arm64-apple-ios-simulator.swiftsourceinfo

SwiftDriverJobDiscovery normal arm64 Compiling PlayerView.swift (in target 'Live OS' from project 'Live OS')

SwiftDriver\ Compilation Live\ OS normal arm64 com.apple.xcode.tools.swift.compiler (in target 'Live OS' from project 'Live OS')
    cd /Users/xu/Documents/bililive-ios/Live\ OS
    builtin-Swift-Compilation -- /Applications/Xcode.app/Contents/Developer/Toolchains/XcodeDefault.xctoolchain/usr/bin/swiftc -module-name Live_OS -Onone @/Users/xu/Library/Developer/Xcode/DerivedData/Live_OS-bpdrmnbaeqxonhfroudnbsusxhji/Build/Intermediates.noindex/Live\ OS.build/Debug-iphonesimulator/Live\ OS.build/Objects-normal/arm64/Live\ OS.SwiftFileList -DDEBUG -default-isolation\=MainActor -enable-bare-slash-regex -enable-upcoming-feature DisableOutwardActorInference -enable-upcoming-feature InferSendableFromCaptures -enable-upcoming-feature GlobalActorIsolatedTypesUsability -enable-upcoming-feature MemberImportVisibility -enable-upcoming-feature InferIsolatedConformances -enable-upcoming-feature NonisolatedNonsendingByDefault -enable-experimental-feature DebugDescriptionMacro -sdk /Applications/Xcode.app/Contents/Developer/Platforms/iPhoneSimulator.platform/Developer/SDKs/iPhoneSimulator26.4.sdk -target arm64-apple-ios17.0-simulator -g -module-cache-path /Users/xu/Library/Developer/Xcode/DerivedData/ModuleCache.noindex -Xfrontend -serialize-debugging-options -enable-testing -index-store-path /Users/xu/Library/Developer/Xcode/DerivedData/Live_OS-bpdrmnbaeqxonhfroudnbsusxhji/Index.noindex/DataStore -Xcc -D_LIBCPP_HARDENING_MODE\=_LIBCPP_HARDENING_MODE_DEBUG -swift-version 5 -I /Users/xu/Library/Developer/Xcode/DerivedData/Live_OS-bpdrmnbaeqxonhfroudnbsusxhji/Build/Products/Debug-iphonesimulator -F /Users/xu/Library/Developer/Xcode/DerivedData/Live_OS-bpdrmnbaeqxonhfroudnbsusxhji/Build/Products/Debug-iphonesimulator/PackageFrameworks -F /Users/xu/Library/Developer/Xcode/DerivedData/Live_OS-bpdrmnbaeqxonhfroudnbsusxhji/Build/Products/Debug-iphonesimulator/PackageFrameworks -F /Users/xu/Library/Developer/Xcode/DerivedData/Live_OS-bpdrmnbaeqxonhfroudnbsusxhji/Build/Products/Debug-iphonesimulator/PackageFrameworks -F /Users/xu/Library/Developer/Xcode/DerivedData/Live_OS-bpdrmnbaeqxonhfroudnbsusxhji/Build/Products/Debug-iphonesimulator/PackageFrameworks -F /Users/xu/Library/Developer/Xcode/DerivedData/Live_OS-bpdrmnbaeqxonhfroudnbsusxhji/Build/Products/Debug-iphonesimulator/PackageFrameworks -F /Users/xu/Library/Developer/Xcode/DerivedData/Live_OS-bpdrmnbaeqxonhfroudnbsusxhji/Build/Products/Debug-iphonesimulator/PackageFrameworks -F /Users/xu/Library/Developer/Xcode/DerivedData/Live_OS-bpdrmnbaeqxonhfroudnbsusxhji/Build/Products/Debug-iphonesimulator -emit-localized-strings -emit-localized-strings-path /Users/xu/Library/Developer/Xcode/DerivedData/Live_OS-bpdrmnbaeqxonhfroudnbsusxhji/Build/Intermediates.noindex/Live\ OS.build/Debug-iphonesimulator/Live\ OS.build/Objects-normal/arm64 -c -j10 -enable-batch-mode -incremental -Xcc -ivfsstatcache -Xcc /Users/xu/Library/Developer/Xcode/DerivedData/SDKStatCaches.noindex/iphonesimulator26.4-23E252-686eebb5dc1d8ecb277353a59184f4aa.sdkstatcache -output-file-map /Users/xu/Library/Developer/Xcode/DerivedData/Live_OS-bpdrmnbaeqxonhfroudnbsusxhji/Build/Intermediates.noindex/Live\ OS.build/Debug-iphonesimulator/Live\ OS.build/Objects-normal/arm64/Live\ OS-OutputFileMap.json -use-frontend-parseable-output -save-temps -no-color-diagnostics -explicit-module-build -module-cache-path /Users/xu/Library/Developer/Xcode/DerivedData/Live_OS-bpdrmnbaeqxonhfroudnbsusxhji/Build/Intermediates.noindex/SwiftExplicitPrecompiledModules -clang-scanner-module-cache-path /Users/xu/Library/Developer/Xcode/DerivedData/ModuleCache.noindex -sdk-module-cache-path /Users/xu/Library/Developer/Xcode/DerivedData/ModuleCache.noindex -serialize-diagnostics -emit-dependencies -emit-module -emit-module-path /Users/xu/Library/Developer/Xcode/DerivedData/Live_OS-bpdrmnbaeqxonhfroudnbsusxhji/Build/Intermediates.noindex/Live\ OS.build/Debug-iphonesimulator/Live\ OS.build/Objects-normal/arm64/Live_OS.swiftmodule -validate-clang-modules-once -clang-build-session-file /Users/xu/Library/Developer/Xcode/DerivedData/ModuleCache.noindex/Session.modulevalidation -Xcc -I/Users/xu/Library/Developer/Xcode/DerivedData/Live_OS-bpdrmnbaeqxonhfroudnbsusxhji/Build/Intermediates.noindex/Live\ OS.build/Debug-iphonesimulator/Live\ OS.build/swift-overrides.hmap -emit-const-values -Xfrontend -const-gather-protocols-file -Xfrontend /Users/xu/Library/Developer/Xcode/DerivedData/Live_OS-bpdrmnbaeqxonhfroudnbsusxhji/Build/Intermediates.noindex/Live\ OS.build/Debug-iphonesimulator/Live\ OS.build/Objects-normal/arm64/Live\ OS_const_extract_protocols.json -Xcc -iquote -Xcc /Users/xu/Library/Developer/Xcode/DerivedData/Live_OS-bpdrmnbaeqxonhfroudnbsusxhji/Build/Intermediates.noindex/Live\ OS.build/Debug-iphonesimulator/Live\ OS.build/Live\ OS-generated-files.hmap -Xcc -I/Users/xu/Library/Developer/Xcode/DerivedData/Live_OS-bpdrmnbaeqxonhfroudnbsusxhji/Build/Intermediates.noindex/Live\ OS.build/Debug-iphonesimulator/Live\ OS.build/Live\ OS-own-target-headers.hmap -Xcc -I/Users/xu/Library/Developer/Xcode/DerivedData/Live_OS-bpdrmnbaeqxonhfroudnbsusxhji/Build/Intermediates.noindex/Live\ OS.build/Debug-iphonesimulator/Live\ OS.build/Live\ OS-all-non-framework-target-headers.hmap -Xcc -ivfsoverlay -Xcc /Users/xu/Library/Developer/Xcode/DerivedData/Live_OS-bpdrmnbaeqxonhfroudnbsusxhji/Build/Intermediates.noindex/Live\ OS.build/Debug-iphonesimulator/Live\ OS-a2c002790c65de46a4853921c7b06e20-VFS-iphonesimulator/all-product-headers.yaml -Xcc -iquote -Xcc /Users/xu/Library/Developer/Xcode/DerivedData/Live_OS-bpdrmnbaeqxonhfroudnbsusxhji/Build/Intermediates.noindex/Live\ OS.build/Debug-iphonesimulator/Live\ OS.build/Live\ OS-project-headers.hmap -Xcc -I/Users/xu/Library/Developer/Xcode/DerivedData/Live_OS-bpdrmnbaeqxonhfroudnbsusxhji/Build/Products/Debug-iphonesimulator/include -Xcc -I/Users/xu/Library/Developer/Xcode/DerivedData/Live_OS-bpdrmnbaeqxonhfroudnbsusxhji/Build/Intermediates.noindex/Live\ OS.build/Debug-iphonesimulator/Live\ OS.build/DerivedSources-normal/arm64 -Xcc -I/Users/xu/Library/Developer/Xcode/DerivedData/Live_OS-bpdrmnbaeqxonhfroudnbsusxhji/Build/Intermediates.noindex/Live\ OS.build/Debug-iphonesimulator/Live\ OS.build/DerivedSources/arm64 -Xcc -I/Users/xu/Library/Developer/Xcode/DerivedData/Live_OS-bpdrmnbaeqxonhfroudnbsusxhji/Build/Intermediates.noindex/Live\ OS.build/Debug-iphonesimulator/Live\ OS.build/DerivedSources -Xcc -DDEBUG\=1 -emit-objc-header -emit-objc-header-path /Users/xu/Library/Developer/Xcode/DerivedData/Live_OS-bpdrmnbaeqxonhfroudnbsusxhji/Build/Intermediates.noindex/Live\ OS.build/Debug-iphonesimulator/Live\ OS.build/Objects-normal/arm64/Live_OS-Swift.h -working-directory /Users/xu/Documents/bililive-ios/Live\ OS -experimental-emit-module-separately -disable-cmo

Ld /Users/xu/Library/Developer/Xcode/DerivedData/Live_OS-bpdrmnbaeqxonhfroudnbsusxhji/Build/Intermediates.noindex/Live\ OS.build/Debug-iphonesimulator/Live\ OS.build/Objects-normal/arm64/Binary/Live\ OS.debug.dylib normal arm64 (in target 'Live OS' from project 'Live OS')
    cd /Users/xu/Documents/bililive-ios/Live\ OS
    /Applications/Xcode.app/Contents/Developer/Toolchains/XcodeDefault.xctoolchain/usr/bin/clang -Xlinker -reproducible -target arm64-apple-ios17.0-simulator -dynamiclib -isysroot /Applications/Xcode.app/Contents/Developer/Platforms/iPhoneSimulator.platform/Developer/SDKs/iPhoneSimulator26.4.sdk -O0 -L/Users/xu/Library/Developer/Xcode/DerivedData/Live_OS-bpdrmnbaeqxonhfroudnbsusxhji/Build/Intermediates.noindex/EagerLinkingTBDs/Debug-iphonesimulator -L/Users/xu/Library/Developer/Xcode/DerivedData/Live_OS-bpdrmnbaeqxonhfroudnbsusxhji/Build/Products/Debug-iphonesimulator -F/Users/xu/Library/Developer/Xcode/DerivedData/Live_OS-bpdrmnbaeqxonhfroudnbsusxhji/Build/Intermediates.noindex/EagerLinkingTBDs/Debug-iphonesimulator -F/Users/xu/Library/Developer/Xcode/DerivedData/Live_OS-bpdrmnbaeqxonhfroudnbsusxhji/Build/Products/Debug-iphonesimulator/PackageFrameworks -F/Users/xu/Library/Developer/Xcode/DerivedData/Live_OS-bpdrmnbaeqxonhfroudnbsusxhji/Build/Products/Debug-iphonesimulator/PackageFrameworks -F/Users/xu/Library/Developer/Xcode/DerivedData/Live_OS-bpdrmnbaeqxonhfroudnbsusxhji/Build/Products/Debug-iphonesimulator/PackageFrameworks -F/Users/xu/Library/Developer/Xcode/DerivedData/Live_OS-bpdrmnbaeqxonhfroudnbsusxhji/Build/Products/Debug-iphonesimulator/PackageFrameworks -F/Users/xu/Library/Developer/Xcode/DerivedData/Live_OS-bpdrmnbaeqxonhfroudnbsusxhji/Build/Products/Debug-iphonesimulator/PackageFrameworks -F/Users/xu/Library/Developer/Xcode/DerivedData/Live_OS-bpdrmnbaeqxonhfroudnbsusxhji/Build/Products/Debug-iphonesimulator/PackageFrameworks -F/Users/xu/Library/Developer/Xcode/DerivedData/Live_OS-bpdrmnbaeqxonhfroudnbsusxhji/Build/Products/Debug-iphonesimulator -filelist /Users/xu/Library/Developer/Xcode/DerivedData/Live_OS-bpdrmnbaeqxonhfroudnbsusxhji/Build/Intermediates.noindex/Live\ OS.build/Debug-iphonesimulator/Live\ OS.build/Objects-normal/arm64/Live\ OS.LinkFileList -install_name @rpath/Live\ OS.debug.dylib -Xlinker -rpath -Xlinker /usr/lib/swift -Xlinker -rpath -Xlinker /Users/xu/Library/Developer/Xcode/DerivedData/Live_OS-bpdrmnbaeqxonhfroudnbsusxhji/Build/Products/Debug-iphonesimulator/PackageFrameworks -Xlinker -rpath -Xlinker @executable_path/Frameworks -Xlinker -dead_strip -Xlinker -object_path_lto -Xlinker /Users/xu/Library/Developer/Xcode/DerivedData/Live_OS-bpdrmnbaeqxonhfroudnbsusxhji/Build/Intermediates.noindex/Live\ OS.build/Debug-iphonesimulator/Live\ OS.build/Objects-normal/arm64/Live\ OS_lto.o -rdynamic -Xlinker -no_deduplicate -Xlinker -objc_abi_version -Xlinker 2 -Xlinker -dependency_info -Xlinker /Users/xu/Library/Developer/Xcode/DerivedData/Live_OS-bpdrmnbaeqxonhfroudnbsusxhji/Build/Intermediates.noindex/Live\ OS.build/Debug-iphonesimulator/Live\ OS.build/Objects-normal/arm64/Live\ OS_dependency_info.dat -fobjc-link-runtime -L/Applications/Xcode.app/Contents/Developer/Toolchains/XcodeDefault.xctoolchain/usr/lib/swift/iphonesimulator -L/usr/lib/swift -Xlinker -add_ast_path -Xlinker /Users/xu/Library/Developer/Xcode/DerivedData/Live_OS-bpdrmnbaeqxonhfroudnbsusxhji/Build/Intermediates.noindex/Live\ OS.build/Debug-iphonesimulator/Live\ OS.build/Objects-normal/arm64/Live_OS.swiftmodule @/Users/xu/Library/Developer/Xcode/DerivedData/Live_OS-bpdrmnbaeqxonhfroudnbsusxhji/Build/Intermediates.noindex/Live\ OS.build/Debug-iphonesimulator/Live\ OS.build/Objects-normal/arm64/Live_OS-linker-args.resp -Wl,-no_warn_duplicate_libraries -Wl,-no_warn_duplicate_libraries -Wl,-no_warn_duplicate_libraries -Wl,-no_warn_duplicate_libraries -Wl,-no_warn_duplicate_libraries -Wl,-no_warn_duplicate_libraries -Xlinker -alias -Xlinker _main -Xlinker ___debug_main_executable_dylib_entry_point -Xlinker -no_adhoc_codesign -o /Users/xu/Library/Developer/Xcode/DerivedData/Live_OS-bpdrmnbaeqxonhfroudnbsusxhji/Build/Intermediates.noindex/Live\ OS.build/Debug-iphonesimulator/Live\ OS.build/Objects-normal/arm64/Binary/Live\ OS.debug.dylib -Xlinker -add_ast_path -Xlinker /Users/xu/Library/Developer/Xcode/DerivedData/Live_OS-bpdrmnbaeqxonhfroudnbsusxhji/Build/Intermediates.noindex/Pillarbox.build/Debug-iphonesimulator/PillarboxPlayer.build/Objects-normal/arm64/PillarboxPlayer.swiftmodule @/Users/xu/Library/Developer/Xcode/DerivedData/Live_OS-bpdrmnbaeqxonhfroudnbsusxhji/Build/Intermediates.noindex/Pillarbox.build/Debug-iphonesimulator/PillarboxPlayer.build/Objects-normal/arm64/PillarboxPlayer-linker-args.resp -Xlinker -add_ast_path -Xlinker /Users/xu/Library/Developer/Xcode/DerivedData/Live_OS-bpdrmnbaeqxonhfroudnbsusxhji/Build/Intermediates.noindex/swift-collections.build/Debug-iphonesimulator/DequeModule.build/Objects-normal/arm64/DequeModule.swiftmodule @/Users/xu/Library/Developer/Xcode/DerivedData/Live_OS-bpdrmnbaeqxonhfroudnbsusxhji/Build/Intermediates.noindex/swift-collections.build/Debug-iphonesimulator/DequeModule.build/Objects-normal/arm64/DequeModule-linker-args.resp -Xlinker -add_ast_path -Xlinker /Users/xu/Library/Developer/Xcode/DerivedData/Live_OS-bpdrmnbaeqxonhfroudnbsusxhji/Build/Intermediates.noindex/swift-collections.build/Debug-iphonesimulator/InternalCollectionsUtilities.build/Objects-normal/arm64/InternalCollectionsUtilities.swiftmodule @/Users/xu/Library/Developer/Xcode/DerivedData/Live_OS-bpdrmnbaeqxonhfroudnbsusxhji/Build/Intermediates.noindex/swift-collections.build/Debug-iphonesimulator/InternalCollectionsUtilities.build/Objects-normal/arm64/InternalCollectionsUtilities-linker-args.resp -Xlinker -add_ast_path -Xlinker /Users/xu/Library/Developer/Xcode/DerivedData/Live_OS-bpdrmnbaeqxonhfroudnbsusxhji/Build/Intermediates.noindex/swift-collections.build/Debug-iphonesimulator/ContainersPreview.build/Objects-normal/arm64/ContainersPreview.swiftmodule @/Users/xu/Library/Developer/Xcode/DerivedData/Live_OS-bpdrmnbaeqxonhfroudnbsusxhji/Build/Intermediates.noindex/swift-collections.build/Debug-iphonesimulator/ContainersPreview.build/Objects-normal/arm64/ContainersPreview-linker-args.resp -Xlinker -add_ast_path -Xlinker /Users/xu/Library/Developer/Xcode/DerivedData/Live_OS-bpdrmnbaeqxonhfroudnbsusxhji/Build/Intermediates.noindex/Pillarbox.build/Debug-iphonesimulator/PillarboxCore.build/Objects-normal/arm64/PillarboxCore.swiftmodule @/Users/xu/Library/Developer/Xcode/DerivedData/Live_OS-bpdrmnbaeqxonhfroudnbsusxhji/Build/Intermediates.noindex/Pillarbox.build/Debug-iphonesimulator/PillarboxCore.build/Objects-normal/arm64/PillarboxCore-linker-args.resp -Xlinker -add_ast_path -Xlinker /Users/xu/Library/Developer/Xcode/DerivedData/Live_OS-bpdrmnbaeqxonhfroudnbsusxhji/Build/Intermediates.noindex/swift-collections.build/Debug-iphonesimulator/OrderedCollections.build/Objects-normal/arm64/OrderedCollections.swiftmodule @/Users/xu/Library/Developer/Xcode/DerivedData/Live_OS-bpdrmnbaeqxonhfroudnbsusxhji/Build/Intermediates.noindex/swift-collections.build/Debug-iphonesimulator/OrderedCollections.build/Objects-normal/arm64/OrderedCollections-linker-args.resp

SwiftDriverJobDiscovery normal x86_64 Compiling PlayerView.swift (in target 'Live OS' from project 'Live OS')

SwiftDriver\ Compilation Live\ OS normal x86_64 com.apple.xcode.tools.swift.compiler (in target 'Live OS' from project 'Live OS')
    cd /Users/xu/Documents/bililive-ios/Live\ OS
    builtin-Swift-Compilation -- /Applications/Xcode.app/Contents/Developer/Toolchains/XcodeDefault.xctoolchain/usr/bin/swiftc -module-name Live_OS -Onone @/Users/xu/Library/Developer/Xcode/DerivedData/Live_OS-bpdrmnbaeqxonhfroudnbsusxhji/Build/Intermediates.noindex/Live\ OS.build/Debug-iphonesimulator/Live\ OS.build/Objects-normal/x86_64/Live\ OS.SwiftFileList -DDEBUG -default-isolation\=MainActor -enable-bare-slash-regex -enable-upcoming-feature DisableOutwardActorInference -enable-upcoming-feature InferSendableFromCaptures -enable-upcoming-feature GlobalActorIsolatedTypesUsability -enable-upcoming-feature MemberImportVisibility -enable-upcoming-feature InferIsolatedConformances -enable-upcoming-feature NonisolatedNonsendingByDefault -enable-experimental-feature DebugDescriptionMacro -sdk /Applications/Xcode.app/Contents/Developer/Platforms/iPhoneSimulator.platform/Developer/SDKs/iPhoneSimulator26.4.sdk -target x86_64-apple-ios17.0-simulator -g -module-cache-path /Users/xu/Library/Developer/Xcode/DerivedData/ModuleCache.noindex -Xfrontend -serialize-debugging-options -enable-testing -index-store-path /Users/xu/Library/Developer/Xcode/DerivedData/Live_OS-bpdrmnbaeqxonhfroudnbsusxhji/Index.noindex/DataStore -Xcc -D_LIBCPP_HARDENING_MODE\=_LIBCPP_HARDENING_MODE_DEBUG -swift-version 5 -I /Users/xu/Library/Developer/Xcode/DerivedData/Live_OS-bpdrmnbaeqxonhfroudnbsusxhji/Build/Products/Debug-iphonesimulator -F /Users/xu/Library/Developer/Xcode/DerivedData/Live_OS-bpdrmnbaeqxonhfroudnbsusxhji/Build/Products/Debug-iphonesimulator/PackageFrameworks -F /Users/xu/Library/Developer/Xcode/DerivedData/Live_OS-bpdrmnbaeqxonhfroudnbsusxhji/Build/Products/Debug-iphonesimulator/PackageFrameworks -F /Users/xu/Library/Developer/Xcode/DerivedData/Live_OS-bpdrmnbaeqxonhfroudnbsusxhji/Build/Products/Debug-iphonesimulator/PackageFrameworks -F /Users/xu/Library/Developer/Xcode/DerivedData/Live_OS-bpdrmnbaeqxonhfroudnbsusxhji/Build/Products/Debug-iphonesimulator/PackageFrameworks -F /Users/xu/Library/Developer/Xcode/DerivedData/Live_OS-bpdrmnbaeqxonhfroudnbsusxhji/Build/Products/Debug-iphonesimulator/PackageFrameworks -F /Users/xu/Library/Developer/Xcode/DerivedData/Live_OS-bpdrmnbaeqxonhfroudnbsusxhji/Build/Products/Debug-iphonesimulator/PackageFrameworks -F /Users/xu/Library/Developer/Xcode/DerivedData/Live_OS-bpdrmnbaeqxonhfroudnbsusxhji/Build/Products/Debug-iphonesimulator -emit-localized-strings -emit-localized-strings-path /Users/xu/Library/Developer/Xcode/DerivedData/Live_OS-bpdrmnbaeqxonhfroudnbsusxhji/Build/Intermediates.noindex/Live\ OS.build/Debug-iphonesimulator/Live\ OS.build/Objects-normal/x86_64 -c -j10 -enable-batch-mode -incremental -Xcc -ivfsstatcache -Xcc /Users/xu/Library/Developer/Xcode/DerivedData/SDKStatCaches.noindex/iphonesimulator26.4-23E252-686eebb5dc1d8ecb277353a59184f4aa.sdkstatcache -output-file-map /Users/xu/Library/Developer/Xcode/DerivedData/Live_OS-bpdrmnbaeqxonhfroudnbsusxhji/Build/Intermediates.noindex/Live\ OS.build/Debug-iphonesimulator/Live\ OS.build/Objects-normal/x86_64/Live\ OS-OutputFileMap.json -use-frontend-parseable-output -save-temps -no-color-diagnostics -explicit-module-build -module-cache-path /Users/xu/Library/Developer/Xcode/DerivedData/Live_OS-bpdrmnbaeqxonhfroudnbsusxhji/Build/Intermediates.noindex/SwiftExplicitPrecompiledModules -clang-scanner-module-cache-path /Users/xu/Library/Developer/Xcode/DerivedData/ModuleCache.noindex -sdk-module-cache-path /Users/xu/Library/Developer/Xcode/DerivedData/ModuleCache.noindex -serialize-diagnostics -emit-dependencies -emit-module -emit-module-path /Users/xu/Library/Developer/Xcode/DerivedData/Live_OS-bpdrmnbaeqxonhfroudnbsusxhji/Build/Intermediates.noindex/Live\ OS.build/Debug-iphonesimulator/Live\ OS.build/Objects-normal/x86_64/Live_OS.swiftmodule -validate-clang-modules-once -clang-build-session-file /Users/xu/Library/Developer/Xcode/DerivedData/ModuleCache.noindex/Session.modulevalidation -Xcc -I/Users/xu/Library/Developer/Xcode/DerivedData/Live_OS-bpdrmnbaeqxonhfroudnbsusxhji/Build/Intermediates.noindex/Live\ OS.build/Debug-iphonesimulator/Live\ OS.build/swift-overrides.hmap -emit-const-values -Xfrontend -const-gather-protocols-file -Xfrontend /Users/xu/Library/Developer/Xcode/DerivedData/Live_OS-bpdrmnbaeqxonhfroudnbsusxhji/Build/Intermediates.noindex/Live\ OS.build/Debug-iphonesimulator/Live\ OS.build/Objects-normal/x86_64/Live\ OS_const_extract_protocols.json -Xcc -iquote -Xcc /Users/xu/Library/Developer/Xcode/DerivedData/Live_OS-bpdrmnbaeqxonhfroudnbsusxhji/Build/Intermediates.noindex/Live\ OS.build/Debug-iphonesimulator/Live\ OS.build/Live\ OS-generated-files.hmap -Xcc -I/Users/xu/Library/Developer/Xcode/DerivedData/Live_OS-bpdrmnbaeqxonhfroudnbsusxhji/Build/Intermediates.noindex/Live\ OS.build/Debug-iphonesimulator/Live\ OS.build/Live\ OS-own-target-headers.hmap -Xcc -I/Users/xu/Library/Developer/Xcode/DerivedData/Live_OS-bpdrmnbaeqxonhfroudnbsusxhji/Build/Intermediates.noindex/Live\ OS.build/Debug-iphonesimulator/Live\ OS.build/Live\ OS-all-non-framework-target-headers.hmap -Xcc -ivfsoverlay -Xcc /Users/xu/Library/Developer/Xcode/DerivedData/Live_OS-bpdrmnbaeqxonhfroudnbsusxhji/Build/Intermediates.noindex/Live\ OS.build/Debug-iphonesimulator/Live\ OS-a2c002790c65de46a4853921c7b06e20-VFS-iphonesimulator/all-product-headers.yaml -Xcc -iquote -Xcc /Users/xu/Library/Developer/Xcode/DerivedData/Live_OS-bpdrmnbaeqxonhfroudnbsusxhji/Build/Intermediates.noindex/Live\ OS.build/Debug-iphonesimulator/Live\ OS.build/Live\ OS-project-headers.hmap -Xcc -I/Users/xu/Library/Developer/Xcode/DerivedData/Live_OS-bpdrmnbaeqxonhfroudnbsusxhji/Build/Products/Debug-iphonesimulator/include -Xcc -I/Users/xu/Library/Developer/Xcode/DerivedData/Live_OS-bpdrmnbaeqxonhfroudnbsusxhji/Build/Intermediates.noindex/Live\ OS.build/Debug-iphonesimulator/Live\ OS.build/DerivedSources-normal/x86_64 -Xcc -I/Users/xu/Library/Developer/Xcode/DerivedData/Live_OS-bpdrmnbaeqxonhfroudnbsusxhji/Build/Intermediates.noindex/Live\ OS.build/Debug-iphonesimulator/Live\ OS.build/DerivedSources/x86_64 -Xcc -I/Users/xu/Library/Developer/Xcode/DerivedData/Live_OS-bpdrmnbaeqxonhfroudnbsusxhji/Build/Intermediates.noindex/Live\ OS.build/Debug-iphonesimulator/Live\ OS.build/DerivedSources -Xcc -DDEBUG\=1 -emit-objc-header -emit-objc-header-path /Users/xu/Library/Developer/Xcode/DerivedData/Live_OS-bpdrmnbaeqxonhfroudnbsusxhji/Build/Intermediates.noindex/Live\ OS.build/Debug-iphonesimulator/Live\ OS.build/Objects-normal/x86_64/Live_OS-Swift.h -working-directory /Users/xu/Documents/bililive-ios/Live\ OS -experimental-emit-module-separately -disable-cmo

Ld /Users/xu/Library/Developer/Xcode/DerivedData/Live_OS-bpdrmnbaeqxonhfroudnbsusxhji/Build/Intermediates.noindex/Live\ OS.build/Debug-iphonesimulator/Live\ OS.build/Objects-normal/x86_64/Binary/Live\ OS.debug.dylib normal x86_64 (in target 'Live OS' from project 'Live OS')
    cd /Users/xu/Documents/bililive-ios/Live\ OS
    /Applications/Xcode.app/Contents/Developer/Toolchains/XcodeDefault.xctoolchain/usr/bin/clang -Xlinker -reproducible -target x86_64-apple-ios17.0-simulator -dynamiclib -isysroot /Applications/Xcode.app/Contents/Developer/Platforms/iPhoneSimulator.platform/Developer/SDKs/iPhoneSimulator26.4.sdk -O0 -L/Users/xu/Library/Developer/Xcode/DerivedData/Live_OS-bpdrmnbaeqxonhfroudnbsusxhji/Build/Intermediates.noindex/EagerLinkingTBDs/Debug-iphonesimulator -L/Users/xu/Library/Developer/Xcode/DerivedData/Live_OS-bpdrmnbaeqxonhfroudnbsusxhji/Build/Products/Debug-iphonesimulator -F/Users/xu/Library/Developer/Xcode/DerivedData/Live_OS-bpdrmnbaeqxonhfroudnbsusxhji/Build/Intermediates.noindex/EagerLinkingTBDs/Debug-iphonesimulator -F/Users/xu/Library/Developer/Xcode/DerivedData/Live_OS-bpdrmnbaeqxonhfroudnbsusxhji/Build/Products/Debug-iphonesimulator/PackageFrameworks -F/Users/xu/Library/Developer/Xcode/DerivedData/Live_OS-bpdrmnbaeqxonhfroudnbsusxhji/Build/Products/Debug-iphonesimulator/PackageFrameworks -F/Users/xu/Library/Developer/Xcode/DerivedData/Live_OS-bpdrmnbaeqxonhfroudnbsusxhji/Build/Products/Debug-iphonesimulator/PackageFrameworks -F/Users/xu/Library/Developer/Xcode/DerivedData/Live_OS-bpdrmnbaeqxonhfroudnbsusxhji/Build/Products/Debug-iphonesimulator/PackageFrameworks -F/Users/xu/Library/Developer/Xcode/DerivedData/Live_OS-bpdrmnbaeqxonhfroudnbsusxhji/Build/Products/Debug-iphonesimulator/PackageFrameworks -F/Users/xu/Library/Developer/Xcode/DerivedData/Live_OS-bpdrmnbaeqxonhfroudnbsusxhji/Build/Products/Debug-iphonesimulator/PackageFrameworks -F/Users/xu/Library/Developer/Xcode/DerivedData/Live_OS-bpdrmnbaeqxonhfroudnbsusxhji/Build/Products/Debug-iphonesimulator -filelist /Users/xu/Library/Developer/Xcode/DerivedData/Live_OS-bpdrmnbaeqxonhfroudnbsusxhji/Build/Intermediates.noindex/Live\ OS.build/Debug-iphonesimulator/Live\ OS.build/Objects-normal/x86_64/Live\ OS.LinkFileList -install_name @rpath/Live\ OS.debug.dylib -Xlinker -rpath -Xlinker /usr/lib/swift -Xlinker -rpath -Xlinker /Users/xu/Library/Developer/Xcode/DerivedData/Live_OS-bpdrmnbaeqxonhfroudnbsusxhji/Build/Products/Debug-iphonesimulator/PackageFrameworks -Xlinker -rpath -Xlinker @executable_path/Frameworks -Xlinker -dead_strip -Xlinker -object_path_lto -Xlinker /Users/xu/Library/Developer/Xcode/DerivedData/Live_OS-bpdrmnbaeqxonhfroudnbsusxhji/Build/Intermediates.noindex/Live\ OS.build/Debug-iphonesimulator/Live\ OS.build/Objects-normal/x86_64/Live\ OS_lto.o -rdynamic -Xlinker -no_deduplicate -Xlinker -objc_abi_version -Xlinker 2 -Xlinker -dependency_info -Xlinker /Users/xu/Library/Developer/Xcode/DerivedData/Live_OS-bpdrmnbaeqxonhfroudnbsusxhji/Build/Intermediates.noindex/Live\ OS.build/Debug-iphonesimulator/Live\ OS.build/Objects-normal/x86_64/Live\ OS_dependency_info.dat -fobjc-link-runtime -L/Applications/Xcode.app/Contents/Developer/Toolchains/XcodeDefault.xctoolchain/usr/lib/swift/iphonesimulator -L/usr/lib/swift -Xlinker -add_ast_path -Xlinker /Users/xu/Library/Developer/Xcode/DerivedData/Live_OS-bpdrmnbaeqxonhfroudnbsusxhji/Build/Intermediates.noindex/Live\ OS.build/Debug-iphonesimulator/Live\ OS.build/Objects-normal/x86_64/Live_OS.swiftmodule @/Users/xu/Library/Developer/Xcode/DerivedData/Live_OS-bpdrmnbaeqxonhfroudnbsusxhji/Build/Intermediates.noindex/Live\ OS.build/Debug-iphonesimulator/Live\ OS.build/Objects-normal/x86_64/Live_OS-linker-args.resp -Wl,-no_warn_duplicate_libraries -Wl,-no_warn_duplicate_libraries -Wl,-no_warn_duplicate_libraries -Wl,-no_warn_duplicate_libraries -Wl,-no_warn_duplicate_libraries -Wl,-no_warn_duplicate_libraries -Xlinker -alias -Xlinker _main -Xlinker ___debug_main_executable_dylib_entry_point -Xlinker -no_adhoc_codesign -o /Users/xu/Library/Developer/Xcode/DerivedData/Live_OS-bpdrmnbaeqxonhfroudnbsusxhji/Build/Intermediates.noindex/Live\ OS.build/Debug-iphonesimulator/Live\ OS.build/Objects-normal/x86_64/Binary/Live\ OS.debug.dylib -Xlinker -add_ast_path -Xlinker /Users/xu/Library/Developer/Xcode/DerivedData/Live_OS-bpdrmnbaeqxonhfroudnbsusxhji/Build/Intermediates.noindex/Pillarbox.build/Debug-iphonesimulator/PillarboxPlayer.build/Objects-normal/x86_64/PillarboxPlayer.swiftmodule @/Users/xu/Library/Developer/Xcode/DerivedData/Live_OS-bpdrmnbaeqxonhfroudnbsusxhji/Build/Intermediates.noindex/Pillarbox.build/Debug-iphonesimulator/PillarboxPlayer.build/Objects-normal/x86_64/PillarboxPlayer-linker-args.resp -Xlinker -add_ast_path -Xlinker /Users/xu/Library/Developer/Xcode/DerivedData/Live_OS-bpdrmnbaeqxonhfroudnbsusxhji/Build/Intermediates.noindex/swift-collections.build/Debug-iphonesimulator/DequeModule.build/Objects-normal/x86_64/DequeModule.swiftmodule @/Users/xu/Library/Developer/Xcode/DerivedData/Live_OS-bpdrmnbaeqxonhfroudnbsusxhji/Build/Intermediates.noindex/swift-collections.build/Debug-iphonesimulator/DequeModule.build/Objects-normal/x86_64/DequeModule-linker-args.resp -Xlinker -add_ast_path -Xlinker /Users/xu/Library/Developer/Xcode/DerivedData/Live_OS-bpdrmnbaeqxonhfroudnbsusxhji/Build/Intermediates.noindex/swift-collections.build/Debug-iphonesimulator/InternalCollectionsUtilities.build/Objects-normal/x86_64/InternalCollectionsUtilities.swiftmodule @/Users/xu/Library/Developer/Xcode/DerivedData/Live_OS-bpdrmnbaeqxonhfroudnbsusxhji/Build/Intermediates.noindex/swift-collections.build/Debug-iphonesimulator/InternalCollectionsUtilities.build/Objects-normal/x86_64/InternalCollectionsUtilities-linker-args.resp -Xlinker -add_ast_path -Xlinker /Users/xu/Library/Developer/Xcode/DerivedData/Live_OS-bpdrmnbaeqxonhfroudnbsusxhji/Build/Intermediates.noindex/swift-collections.build/Debug-iphonesimulator/ContainersPreview.build/Objects-normal/x86_64/ContainersPreview.swiftmodule @/Users/xu/Library/Developer/Xcode/DerivedData/Live_OS-bpdrmnbaeqxonhfroudnbsusxhji/Build/Intermediates.noindex/swift-collections.build/Debug-iphonesimulator/ContainersPreview.build/Objects-normal/x86_64/ContainersPreview-linker-args.resp -Xlinker -add_ast_path -Xlinker /Users/xu/Library/Developer/Xcode/DerivedData/Live_OS-bpdrmnbaeqxonhfroudnbsusxhji/Build/Intermediates.noindex/Pillarbox.build/Debug-iphonesimulator/PillarboxCore.build/Objects-normal/x86_64/PillarboxCore.swiftmodule @/Users/xu/Library/Developer/Xcode/DerivedData/Live_OS-bpdrmnbaeqxonhfroudnbsusxhji/Build/Intermediates.noindex/Pillarbox.build/Debug-iphonesimulator/PillarboxCore.build/Objects-normal/x86_64/PillarboxCore-linker-args.resp -Xlinker -add_ast_path -Xlinker /Users/xu/Library/Developer/Xcode/DerivedData/Live_OS-bpdrmnbaeqxonhfroudnbsusxhji/Build/Intermediates.noindex/swift-collections.build/Debug-iphonesimulator/OrderedCollections.build/Objects-normal/x86_64/OrderedCollections.swiftmodule @/Users/xu/Library/Developer/Xcode/DerivedData/Live_OS-bpdrmnbaeqxonhfroudnbsusxhji/Build/Intermediates.noindex/swift-collections.build/Debug-iphonesimulator/OrderedCollections.build/Objects-normal/x86_64/OrderedCollections-linker-args.resp

ConstructStubExecutorLinkFileList /Users/xu/Library/Developer/Xcode/DerivedData/Live_OS-bpdrmnbaeqxonhfroudnbsusxhji/Build/Intermediates.noindex/Live\ OS.build/Debug-iphonesimulator/Live\ OS.build/Live\ OS-ExecutorLinkFileList-normal-arm64.txt (in target 'Live OS' from project 'Live OS')
    cd /Users/xu/Documents/bililive-ios/Live\ OS
    construct-stub-executor-link-file-list /Users/xu/Library/Developer/Xcode/DerivedData/Live_OS-bpdrmnbaeqxonhfroudnbsusxhji/Build/Intermediates.noindex/Live\ OS.build/Debug-iphonesimulator/Live\ OS.build/Objects-normal/arm64/Binary/Live\ OS.debug.dylib /Applications/Xcode.app/Contents/Developer/Platforms/iPhoneSimulator.platform/Developer/usr/lib/libPreviewsJITStubExecutor_no_swift_entry_point.a /Applications/Xcode.app/Contents/Developer/Platforms/iPhoneSimulator.platform/Developer/usr/lib/libPreviewsJITStubExecutor.a --output /Users/xu/Library/Developer/Xcode/DerivedData/Live_OS-bpdrmnbaeqxonhfroudnbsusxhji/Build/Intermediates.noindex/Live\ OS.build/Debug-iphonesimulator/Live\ OS.build/Live\ OS-ExecutorLinkFileList-normal-arm64.txt
note: Using stub executor library with Swift entry point. (in target 'Live OS' from project 'Live OS')

CreateUniversalBinary /Users/xu/Library/Developer/Xcode/DerivedData/Live_OS-bpdrmnbaeqxonhfroudnbsusxhji/Build/Products/Debug-iphonesimulator/Live\ OS.app/Live\ OS.debug.dylib normal arm64\ x86_64 (in target 'Live OS' from project 'Live OS')
    cd /Users/xu/Documents/bililive-ios/Live\ OS
    /Applications/Xcode.app/Contents/Developer/Toolchains/XcodeDefault.xctoolchain/usr/bin/lipo -create /Users/xu/Library/Developer/Xcode/DerivedData/Live_OS-bpdrmnbaeqxonhfroudnbsusxhji/Build/Intermediates.noindex/Live\ OS.build/Debug-iphonesimulator/Live\ OS.build/Objects-normal/arm64/Binary/Live\ OS.debug.dylib /Users/xu/Library/Developer/Xcode/DerivedData/Live_OS-bpdrmnbaeqxonhfroudnbsusxhji/Build/Intermediates.noindex/Live\ OS.build/Debug-iphonesimulator/Live\ OS.build/Objects-normal/x86_64/Binary/Live\ OS.debug.dylib -output /Users/xu/Library/Developer/Xcode/DerivedData/Live_OS-bpdrmnbaeqxonhfroudnbsusxhji/Build/Products/Debug-iphonesimulator/Live\ OS.app/Live\ OS.debug.dylib

ConstructStubExecutorLinkFileList /Users/xu/Library/Developer/Xcode/DerivedData/Live_OS-bpdrmnbaeqxonhfroudnbsusxhji/Build/Intermediates.noindex/Live\ OS.build/Debug-iphonesimulator/Live\ OS.build/Live\ OS-ExecutorLinkFileList-normal-x86_64.txt (in target 'Live OS' from project 'Live OS')
    cd /Users/xu/Documents/bililive-ios/Live\ OS
    construct-stub-executor-link-file-list /Users/xu/Library/Developer/Xcode/DerivedData/Live_OS-bpdrmnbaeqxonhfroudnbsusxhji/Build/Intermediates.noindex/Live\ OS.build/Debug-iphonesimulator/Live\ OS.build/Objects-normal/x86_64/Binary/Live\ OS.debug.dylib /Applications/Xcode.app/Contents/Developer/Platforms/iPhoneSimulator.platform/Developer/usr/lib/libPreviewsJITStubExecutor_no_swift_entry_point.a /Applications/Xcode.app/Contents/Developer/Platforms/iPhoneSimulator.platform/Developer/usr/lib/libPreviewsJITStubExecutor.a --output /Users/xu/Library/Developer/Xcode/DerivedData/Live_OS-bpdrmnbaeqxonhfroudnbsusxhji/Build/Intermediates.noindex/Live\ OS.build/Debug-iphonesimulator/Live\ OS.build/Live\ OS-ExecutorLinkFileList-normal-x86_64.txt
note: Using stub executor library with Swift entry point. (in target 'Live OS' from project 'Live OS')

Ld /Users/xu/Library/Developer/Xcode/DerivedData/Live_OS-bpdrmnbaeqxonhfroudnbsusxhji/Build/Intermediates.noindex/Live\ OS.build/Debug-iphonesimulator/Live\ OS.build/Objects-normal/arm64/Binary/Live\ OS normal arm64 (in target 'Live OS' from project 'Live OS')
    cd /Users/xu/Documents/bililive-ios/Live\ OS
    /Applications/Xcode.app/Contents/Developer/Toolchains/XcodeDefault.xctoolchain/usr/bin/clang -Xlinker -reproducible -target arm64-apple-ios17.0-simulator -isysroot /Applications/Xcode.app/Contents/Developer/Platforms/iPhoneSimulator.platform/Developer/SDKs/iPhoneSimulator26.4.sdk -O0 -L/Users/xu/Library/Developer/Xcode/DerivedData/Live_OS-bpdrmnbaeqxonhfroudnbsusxhji/Build/Products/Debug-iphonesimulator -F/Users/xu/Library/Developer/Xcode/DerivedData/Live_OS-bpdrmnbaeqxonhfroudnbsusxhji/Build/Products/Debug-iphonesimulator/PackageFrameworks -F/Users/xu/Library/Developer/Xcode/DerivedData/Live_OS-bpdrmnbaeqxonhfroudnbsusxhji/Build/Products/Debug-iphonesimulator/PackageFrameworks -F/Users/xu/Library/Developer/Xcode/DerivedData/Live_OS-bpdrmnbaeqxonhfroudnbsusxhji/Build/Products/Debug-iphonesimulator/PackageFrameworks -F/Users/xu/Library/Developer/Xcode/DerivedData/Live_OS-bpdrmnbaeqxonhfroudnbsusxhji/Build/Products/Debug-iphonesimulator/PackageFrameworks -F/Users/xu/Library/Developer/Xcode/DerivedData/Live_OS-bpdrmnbaeqxonhfroudnbsusxhji/Build/Products/Debug-iphonesimulator/PackageFrameworks -F/Users/xu/Library/Developer/Xcode/DerivedData/Live_OS-bpdrmnbaeqxonhfroudnbsusxhji/Build/Products/Debug-iphonesimulator/PackageFrameworks -F/Users/xu/Library/Developer/Xcode/DerivedData/Live_OS-bpdrmnbaeqxonhfroudnbsusxhji/Build/Products/Debug-iphonesimulator -Xlinker -rpath -Xlinker @executable_path -Xlinker -rpath -Xlinker /Users/xu/Library/Developer/Xcode/DerivedData/Live_OS-bpdrmnbaeqxonhfroudnbsusxhji/Build/Products/Debug-iphonesimulator/PackageFrameworks -Xlinker -rpath -Xlinker @executable_path/Frameworks -rdynamic -Xlinker -no_deduplicate -Xlinker -objc_abi_version -Xlinker 2 -e ___debug_blank_executor_main -Xlinker -sectcreate -Xlinker __TEXT -Xlinker __debug_dylib -Xlinker /Users/xu/Library/Developer/Xcode/DerivedData/Live_OS-bpdrmnbaeqxonhfroudnbsusxhji/Build/Intermediates.noindex/Live\ OS.build/Debug-iphonesimulator/Live\ OS.build/Live\ OS-DebugDylibPath-normal-arm64.txt -Xlinker -sectcreate -Xlinker __TEXT -Xlinker __debug_instlnm -Xlinker /Users/xu/Library/Developer/Xcode/DerivedData/Live_OS-bpdrmnbaeqxonhfroudnbsusxhji/Build/Intermediates.noindex/Live\ OS.build/Debug-iphonesimulator/Live\ OS.build/Live\ OS-DebugDylibInstallName-normal-arm64.txt -Xlinker -filelist -Xlinker /Users/xu/Library/Developer/Xcode/DerivedData/Live_OS-bpdrmnbaeqxonhfroudnbsusxhji/Build/Intermediates.noindex/Live\ OS.build/Debug-iphonesimulator/Live\ OS.build/Live\ OS-ExecutorLinkFileList-normal-arm64.txt -Xlinker -sectcreate -Xlinker __TEXT -Xlinker __entitlements -Xlinker /Users/xu/Library/Developer/Xcode/DerivedData/Live_OS-bpdrmnbaeqxonhfroudnbsusxhji/Build/Intermediates.noindex/Live\ OS.build/Debug-iphonesimulator/Live\ OS.build/Live\ OS.app-Simulated.xcent -Xlinker -sectcreate -Xlinker __TEXT -Xlinker __ents_der -Xlinker /Users/xu/Library/Developer/Xcode/DerivedData/Live_OS-bpdrmnbaeqxonhfroudnbsusxhji/Build/Intermediates.noindex/Live\ OS.build/Debug-iphonesimulator/Live\ OS.build/Live\ OS.app-Simulated.xcent.der /Users/xu/Library/Developer/Xcode/DerivedData/Live_OS-bpdrmnbaeqxonhfroudnbsusxhji/Build/Intermediates.noindex/Live\ OS.build/Debug-iphonesimulator/Live\ OS.build/Objects-normal/arm64/Binary/Live\ OS.debug.dylib -Xlinker -no_adhoc_codesign -o /Users/xu/Library/Developer/Xcode/DerivedData/Live_OS-bpdrmnbaeqxonhfroudnbsusxhji/Build/Intermediates.noindex/Live\ OS.build/Debug-iphonesimulator/Live\ OS.build/Objects-normal/arm64/Binary/Live\ OS

Ld /Users/xu/Library/Developer/Xcode/DerivedData/Live_OS-bpdrmnbaeqxonhfroudnbsusxhji/Build/Intermediates.noindex/Live\ OS.build/Debug-iphonesimulator/Live\ OS.build/Objects-normal/x86_64/Binary/Live\ OS normal x86_64 (in target 'Live OS' from project 'Live OS')
    cd /Users/xu/Documents/bililive-ios/Live\ OS
    /Applications/Xcode.app/Contents/Developer/Toolchains/XcodeDefault.xctoolchain/usr/bin/clang -Xlinker -reproducible -target x86_64-apple-ios17.0-simulator -isysroot /Applications/Xcode.app/Contents/Developer/Platforms/iPhoneSimulator.platform/Developer/SDKs/iPhoneSimulator26.4.sdk -O0 -L/Users/xu/Library/Developer/Xcode/DerivedData/Live_OS-bpdrmnbaeqxonhfroudnbsusxhji/Build/Products/Debug-iphonesimulator -F/Users/xu/Library/Developer/Xcode/DerivedData/Live_OS-bpdrmnbaeqxonhfroudnbsusxhji/Build/Products/Debug-iphonesimulator/PackageFrameworks -F/Users/xu/Library/Developer/Xcode/DerivedData/Live_OS-bpdrmnbaeqxonhfroudnbsusxhji/Build/Products/Debug-iphonesimulator/PackageFrameworks -F/Users/xu/Library/Developer/Xcode/DerivedData/Live_OS-bpdrmnbaeqxonhfroudnbsusxhji/Build/Products/Debug-iphonesimulator/PackageFrameworks -F/Users/xu/Library/Developer/Xcode/DerivedData/Live_OS-bpdrmnbaeqxonhfroudnbsusxhji/Build/Products/Debug-iphonesimulator/PackageFrameworks -F/Users/xu/Library/Developer/Xcode/DerivedData/Live_OS-bpdrmnbaeqxonhfroudnbsusxhji/Build/Products/Debug-iphonesimulator/PackageFrameworks -F/Users/xu/Library/Developer/Xcode/DerivedData/Live_OS-bpdrmnbaeqxonhfroudnbsusxhji/Build/Products/Debug-iphonesimulator/PackageFrameworks -F/Users/xu/Library/Developer/Xcode/DerivedData/Live_OS-bpdrmnbaeqxonhfroudnbsusxhji/Build/Products/Debug-iphonesimulator -Xlinker -rpath -Xlinker @executable_path -Xlinker -rpath -Xlinker /Users/xu/Library/Developer/Xcode/DerivedData/Live_OS-bpdrmnbaeqxonhfroudnbsusxhji/Build/Products/Debug-iphonesimulator/PackageFrameworks -Xlinker -rpath -Xlinker @executable_path/Frameworks -rdynamic -Xlinker -no_deduplicate -Xlinker -objc_abi_version -Xlinker 2 -e ___debug_blank_executor_main -Xlinker -sectcreate -Xlinker __TEXT -Xlinker __debug_dylib -Xlinker /Users/xu/Library/Developer/Xcode/DerivedData/Live_OS-bpdrmnbaeqxonhfroudnbsusxhji/Build/Intermediates.noindex/Live\ OS.build/Debug-iphonesimulator/Live\ OS.build/Live\ OS-DebugDylibPath-normal-x86_64.txt -Xlinker -sectcreate -Xlinker __TEXT -Xlinker __debug_instlnm -Xlinker /Users/xu/Library/Developer/Xcode/DerivedData/Live_OS-bpdrmnbaeqxonhfroudnbsusxhji/Build/Intermediates.noindex/Live\ OS.build/Debug-iphonesimulator/Live\ OS.build/Live\ OS-DebugDylibInstallName-normal-x86_64.txt -Xlinker -filelist -Xlinker /Users/xu/Library/Developer/Xcode/DerivedData/Live_OS-bpdrmnbaeqxonhfroudnbsusxhji/Build/Intermediates.noindex/Live\ OS.build/Debug-iphonesimulator/Live\ OS.build/Live\ OS-ExecutorLinkFileList-normal-x86_64.txt -Xlinker -sectcreate -Xlinker __TEXT -Xlinker __entitlements -Xlinker /Users/xu/Library/Developer/Xcode/DerivedData/Live_OS-bpdrmnbaeqxonhfroudnbsusxhji/Build/Intermediates.noindex/Live\ OS.build/Debug-iphonesimulator/Live\ OS.build/Live\ OS.app-Simulated.xcent -Xlinker -sectcreate -Xlinker __TEXT -Xlinker __ents_der -Xlinker /Users/xu/Library/Developer/Xcode/DerivedData/Live_OS-bpdrmnbaeqxonhfroudnbsusxhji/Build/Intermediates.noindex/Live\ OS.build/Debug-iphonesimulator/Live\ OS.build/Live\ OS.app-Simulated.xcent.der /Users/xu/Library/Developer/Xcode/DerivedData/Live_OS-bpdrmnbaeqxonhfroudnbsusxhji/Build/Intermediates.noindex/Live\ OS.build/Debug-iphonesimulator/Live\ OS.build/Objects-normal/x86_64/Binary/Live\ OS.debug.dylib -Xlinker -no_adhoc_codesign -o /Users/xu/Library/Developer/Xcode/DerivedData/Live_OS-bpdrmnbaeqxonhfroudnbsusxhji/Build/Intermediates.noindex/Live\ OS.build/Debug-iphonesimulator/Live\ OS.build/Objects-normal/x86_64/Binary/Live\ OS

CreateUniversalBinary /Users/xu/Library/Developer/Xcode/DerivedData/Live_OS-bpdrmnbaeqxonhfroudnbsusxhji/Build/Products/Debug-iphonesimulator/Live\ OS.app/Live\ OS normal arm64\ x86_64 (in target 'Live OS' from project 'Live OS')
    cd /Users/xu/Documents/bililive-ios/Live\ OS
    /Applications/Xcode.app/Contents/Developer/Toolchains/XcodeDefault.xctoolchain/usr/bin/lipo -create /Users/xu/Library/Developer/Xcode/DerivedData/Live_OS-bpdrmnbaeqxonhfroudnbsusxhji/Build/Intermediates.noindex/Live\ OS.build/Debug-iphonesimulator/Live\ OS.build/Objects-normal/arm64/Binary/Live\ OS /Users/xu/Library/Developer/Xcode/DerivedData/Live_OS-bpdrmnbaeqxonhfroudnbsusxhji/Build/Intermediates.noindex/Live\ OS.build/Debug-iphonesimulator/Live\ OS.build/Objects-normal/x86_64/Binary/Live\ OS -output /Users/xu/Library/Developer/Xcode/DerivedData/Live_OS-bpdrmnbaeqxonhfroudnbsusxhji/Build/Products/Debug-iphonesimulator/Live\ OS.app/Live\ OS

CopySwiftLibs /Users/xu/Library/Developer/Xcode/DerivedData/Live_OS-bpdrmnbaeqxonhfroudnbsusxhji/Build/Products/Debug-iphonesimulator/Live\ OS.app (in target 'Live OS' from project 'Live OS')
    cd /Users/xu/Documents/bililive-ios/Live\ OS
    builtin-swiftStdLibTool --copy --verbose --sign - --scan-executable /Users/xu/Library/Developer/Xcode/DerivedData/Live_OS-bpdrmnbaeqxonhfroudnbsusxhji/Build/Products/Debug-iphonesimulator/Live\ OS.app/Live\ OS.debug.dylib --scan-folder /Users/xu/Library/Developer/Xcode/DerivedData/Live_OS-bpdrmnbaeqxonhfroudnbsusxhji/Build/Products/Debug-iphonesimulator/Live\ OS.app/Frameworks --scan-folder /Users/xu/Library/Developer/Xcode/DerivedData/Live_OS-bpdrmnbaeqxonhfroudnbsusxhji/Build/Products/Debug-iphonesimulator/Live\ OS.app/PlugIns --scan-folder /Users/xu/Library/Developer/Xcode/DerivedData/Live_OS-bpdrmnbaeqxonhfroudnbsusxhji/Build/Products/Debug-iphonesimulator/Live\ OS.app/SystemExtensions --scan-folder /Users/xu/Library/Developer/Xcode/DerivedData/Live_OS-bpdrmnbaeqxonhfroudnbsusxhji/Build/Products/Debug-iphonesimulator/Live\ OS.app/Extensions --platform iphonesimulator --toolchain /Applications/Xcode.app/Contents/Developer/Toolchains/XcodeDefault.xctoolchain --destination /Users/xu/Library/Developer/Xcode/DerivedData/Live_OS-bpdrmnbaeqxonhfroudnbsusxhji/Build/Products/Debug-iphonesimulator/Live\ OS.app/Frameworks --strip-bitcode --strip-bitcode-tool /Applications/Xcode.app/Contents/Developer/Toolchains/XcodeDefault.xctoolchain/usr/bin/bitcode_strip --emit-dependency-info /Users/xu/Library/Developer/Xcode/DerivedData/Live_OS-bpdrmnbaeqxonhfroudnbsusxhji/Build/Intermediates.noindex/Live\ OS.build/Debug-iphonesimulator/Live\ OS.build/SwiftStdLibToolInputDependencies.dep --filter-for-swift-os --back-deploy-swift-span
libswiftCompatibilitySpan.dylib is up to date at /Users/xu/Library/Developer/Xcode/DerivedData/Live_OS-bpdrmnbaeqxonhfroudnbsusxhji/Build/Products/Debug-iphonesimulator/Live OS.app/Frameworks/libswiftCompatibilitySpan.dylib
Probing signature of /Users/xu/Library/Developer/Xcode/DerivedData/Live_OS-bpdrmnbaeqxonhfroudnbsusxhji/Build/Products/Debug-iphonesimulator/Live OS.app/Frameworks/libswiftCompatibilitySpan.dylib
/usr/bin/codesign -r- --display /Users/xu/Library/Developer/Xcode/DerivedData/Live_OS-bpdrmnbaeqxonhfroudnbsusxhji/Build/Products/Debug-iphonesimulator/Live OS.app/Frameworks/libswiftCompatibilitySpan.dylib
Codesigning /Users/xu/Library/Developer/Xcode/DerivedData/Live_OS-bpdrmnbaeqxonhfroudnbsusxhji/Build/Products/Debug-iphonesimulator/Live OS.app/Frameworks/libswiftCompatibilitySpan.dylib
/usr/bin/codesign --force --sign - --verbose /Users/xu/Library/Developer/Xcode/DerivedData/Live_OS-bpdrmnbaeqxonhfroudnbsusxhji/Build/Products/Debug-iphonesimulator/Live OS.app/Frameworks/libswiftCompatibilitySpan.dylib
Probing signature of /Users/xu/Library/Developer/Xcode/DerivedData/Live_OS-bpdrmnbaeqxonhfroudnbsusxhji/Build/Products/Debug-iphonesimulator/Live OS.app/Frameworks/libswiftCompatibilitySpan.dylib
/usr/bin/codesign -r- --display /Users/xu/Library/Developer/Xcode/DerivedData/Live_OS-bpdrmnbaeqxonhfroudnbsusxhji/Build/Products/Debug-iphonesimulator/Live OS.app/Frameworks/libswiftCompatibilitySpan.dylib
Code signature of /Users/xu/Library/Developer/Xcode/DerivedData/Live_OS-bpdrmnbaeqxonhfroudnbsusxhji/Build/Products/Debug-iphonesimulator/Live OS.app/Frameworks/libswiftCompatibilitySpan.dylib is unchanged; keeping original

ExtractAppIntentsMetadata (in target 'Live OS' from project 'Live OS')
    cd /Users/xu/Documents/bililive-ios/Live\ OS
    /Applications/Xcode.app/Contents/Developer/Toolchains/XcodeDefault.xctoolchain/usr/bin/appintentsmetadataprocessor --toolchain-dir /Applications/Xcode.app/Contents/Developer/Toolchains/XcodeDefault.xctoolchain --module-name Live_OS --sdk-root /Applications/Xcode.app/Contents/Developer/Platforms/iPhoneSimulator.platform/Developer/SDKs/iPhoneSimulator26.4.sdk --xcode-version 17E202 --platform-family iOS --deployment-target 17.0 --bundle-identifier bililiveos.Live-OS --output /Users/xu/Library/Developer/Xcode/DerivedData/Live_OS-bpdrmnbaeqxonhfroudnbsusxhji/Build/Products/Debug-iphonesimulator/Live\ OS.app --target-triple arm64-apple-ios17.0-simulator --target-triple x86_64-apple-ios17.0-simulator --binary-file /Users/xu/Library/Developer/Xcode/DerivedData/Live_OS-bpdrmnbaeqxonhfroudnbsusxhji/Build/Products/Debug-iphonesimulator/Live\ OS.app/Live\ OS --dependency-file /Users/xu/Library/Developer/Xcode/DerivedData/Live_OS-bpdrmnbaeqxonhfroudnbsusxhji/Build/Intermediates.noindex/Live\ OS.build/Debug-iphonesimulator/Live\ OS.build/Objects-normal/arm64/Live\ OS_dependency_info.dat --dependency-file /Users/xu/Library/Developer/Xcode/DerivedData/Live_OS-bpdrmnbaeqxonhfroudnbsusxhji/Build/Intermediates.noindex/Live\ OS.build/Debug-iphonesimulator/Live\ OS.build/Objects-normal/x86_64/Live\ OS_dependency_info.dat --stringsdata-file /Users/xu/Library/Developer/Xcode/DerivedData/Live_OS-bpdrmnbaeqxonhfroudnbsusxhji/Build/Intermediates.noindex/Live\ OS.build/Debug-iphonesimulator/Live\ OS.build/Objects-normal/arm64/ExtractedAppShortcutsMetadata.stringsdata --stringsdata-file /Users/xu/Library/Developer/Xcode/DerivedData/Live_OS-bpdrmnbaeqxonhfroudnbsusxhji/Build/Intermediates.noindex/Live\ OS.build/Debug-iphonesimulator/Live\ OS.build/Objects-normal/x86_64/ExtractedAppShortcutsMetadata.stringsdata --source-file-list /Users/xu/Library/Developer/Xcode/DerivedData/Live_OS-bpdrmnbaeqxonhfroudnbsusxhji/Build/Intermediates.noindex/Live\ OS.build/Debug-iphonesimulator/Live\ OS.build/Objects-normal/arm64/Live\ OS.SwiftFileList --source-file-list /Users/xu/Library/Developer/Xcode/DerivedData/Live_OS-bpdrmnbaeqxonhfroudnbsusxhji/Build/Intermediates.noindex/Live\ OS.build/Debug-iphonesimulator/Live\ OS.build/Objects-normal/x86_64/Live\ OS.SwiftFileList --metadata-file-list /Users/xu/Library/Developer/Xcode/DerivedData/Live_OS-bpdrmnbaeqxonhfroudnbsusxhji/Build/Intermediates.noindex/Live\ OS.build/Debug-iphonesimulator/Live\ OS.build/Live\ OS.DependencyMetadataFileList --static-metadata-file-list /Users/xu/Library/Developer/Xcode/DerivedData/Live_OS-bpdrmnbaeqxonhfroudnbsusxhji/Build/Intermediates.noindex/Live\ OS.build/Debug-iphonesimulator/Live\ OS.build/Live\ OS.DependencyStaticMetadataFileList --swift-const-vals-list /Users/xu/Library/Developer/Xcode/DerivedData/Live_OS-bpdrmnbaeqxonhfroudnbsusxhji/Build/Intermediates.noindex/Live\ OS.build/Debug-iphonesimulator/Live\ OS.build/Objects-normal/arm64/Live\ OS.SwiftConstValuesFileList --swift-const-vals-list /Users/xu/Library/Developer/Xcode/DerivedData/Live_OS-bpdrmnbaeqxonhfroudnbsusxhji/Build/Intermediates.noindex/Live\ OS.build/Debug-iphonesimulator/Live\ OS.build/Objects-normal/x86_64/Live\ OS.SwiftConstValuesFileList --compile-time-extraction --deployment-aware-processing --validate-assistant-intents --no-app-shortcuts-localization
2026-05-02 14:48:08.179 appintentsmetadataprocessor[86840:11650313] Starting appintentsmetadataprocessor export
2026-05-02 14:48:08.180 appintentsmetadataprocessor[86840:11650313] warning: Metadata extraction skipped. No AppIntents.framework dependency found.

AppIntentsSSUTraining (in target 'Live OS' from project 'Live OS')
    cd /Users/xu/Documents/bililive-ios/Live\ OS
    /Applications/Xcode.app/Contents/Developer/Toolchains/XcodeDefault.xctoolchain/usr/bin/appintentsnltrainingprocessor --infoplist-path /Users/xu/Library/Developer/Xcode/DerivedData/Live_OS-bpdrmnbaeqxonhfroudnbsusxhji/Build/Products/Debug-iphonesimulator/Live\ OS.app/Info.plist --temp-dir-path /Users/xu/Library/Developer/Xcode/DerivedData/Live_OS-bpdrmnbaeqxonhfroudnbsusxhji/Build/Intermediates.noindex/Live\ OS.build/Debug-iphonesimulator/Live\ OS.build/ssu --bundle-id bililiveos.Live-OS --product-path /Users/xu/Library/Developer/Xcode/DerivedData/Live_OS-bpdrmnbaeqxonhfroudnbsusxhji/Build/Products/Debug-iphonesimulator/Live\ OS.app --extracted-metadata-path /Users/xu/Library/Developer/Xcode/DerivedData/Live_OS-bpdrmnbaeqxonhfroudnbsusxhji/Build/Products/Debug-iphonesimulator/Live\ OS.app/Metadata.appintents --metadata-file-list /Users/xu/Library/Developer/Xcode/DerivedData/Live_OS-bpdrmnbaeqxonhfroudnbsusxhji/Build/Intermediates.noindex/Live\ OS.build/Debug-iphonesimulator/Live\ OS.build/Live\ OS.DependencyMetadataFileList --source-file /Users/xu/Library/Developer/Xcode/DerivedData/Live_OS-bpdrmnbaeqxonhfroudnbsusxhji/Build/Products/Debug-iphonesimulator/Live\ OS.app/Info.plist --archive-ssu-assets
2026-05-02 14:48:08.194 appintentsnltrainingprocessor[86841:11650314] Parsing options for appintentsnltrainingprocessor
2026-05-02 14:48:08.194 appintentsnltrainingprocessor[86841:11650314] Starting AppIntents SSU YAML Generation
2026-05-02 14:48:08.194 appintentsnltrainingprocessor[86841:11650314] No AppShortcuts found - Skipping.

CodeSign /Users/xu/Library/Developer/Xcode/DerivedData/Live_OS-bpdrmnbaeqxonhfroudnbsusxhji/Build/Products/Debug-iphonesimulator/Live\ OS.app/Live\ OS.debug.dylib (in target 'Live OS' from project 'Live OS')
    cd /Users/xu/Documents/bililive-ios/Live\ OS
    
    Signing Identity:     "Sign to Run Locally"
    
    /usr/bin/codesign --force --sign - --timestamp\=none --generate-entitlement-der /Users/xu/Library/Developer/Xcode/DerivedData/Live_OS-bpdrmnbaeqxonhfroudnbsusxhji/Build/Products/Debug-iphonesimulator/Live\ OS.app/Live\ OS.debug.dylib

CodeSign /Users/xu/Library/Developer/Xcode/DerivedData/Live_OS-bpdrmnbaeqxonhfroudnbsusxhji/Build/Products/Debug-iphonesimulator/Live\ OS.app/__preview.dylib (in target 'Live OS' from project 'Live OS')
    cd /Users/xu/Documents/bililive-ios/Live\ OS
    
    Signing Identity:     "Sign to Run Locally"
    
    /usr/bin/codesign --force --sign - --timestamp\=none --generate-entitlement-der /Users/xu/Library/Developer/Xcode/DerivedData/Live_OS-bpdrmnbaeqxonhfroudnbsusxhji/Build/Products/Debug-iphonesimulator/Live\ OS.app/__preview.dylib
/Users/xu/Library/Developer/Xcode/DerivedData/Live_OS-bpdrmnbaeqxonhfroudnbsusxhji/Build/Products/Debug-iphonesimulator/Live OS.app/__preview.dylib: replacing existing signature

CodeSign /Users/xu/Library/Developer/Xcode/DerivedData/Live_OS-bpdrmnbaeqxonhfroudnbsusxhji/Build/Products/Debug-iphonesimulator/Live\ OS.app (in target 'Live OS' from project 'Live OS')
    cd /Users/xu/Documents/bililive-ios/Live\ OS
    
    Signing Identity:     "Sign to Run Locally"
    
    /usr/bin/codesign --force --sign - --timestamp\=none --generate-entitlement-der /Users/xu/Library/Developer/Xcode/DerivedData/Live_OS-bpdrmnbaeqxonhfroudnbsusxhji/Build/Products/Debug-iphonesimulator/Live\ OS.app

Validate /Users/xu/Library/Developer/Xcode/DerivedData/Live_OS-bpdrmnbaeqxonhfroudnbsusxhji/Build/Products/Debug-iphonesimulator/Live\ OS.app (in target 'Live OS' from project 'Live OS')
    cd /Users/xu/Documents/bililive-ios/Live\ OS
    builtin-validationUtility /Users/xu/Library/Developer/Xcode/DerivedData/Live_OS-bpdrmnbaeqxonhfroudnbsusxhji/Build/Products/Debug-iphonesimulator/Live\ OS.app -shallow-bundle -infoplist-subpath Info.plist

** BUILD SUCCEEDED **

